Tsafe,0.02,0.8,1,1712,1727,1672,21,1680,1676,1698,19,1629,1743,20,1680,1758,1657,22,19,20,1726,1692,17,20,1700,22,24,1765,1696,20,23,1676,1709,1725,22,1758,24,21,20,23,22,1783,1690,21,1748,1711,21,19,1767,20,18,22,24
TR,0.02,0.8,1,176481945.9069607,57433602.172597118,218945351.93018803,91930721.265054464,116847419.4178469,71652941.625160158,68749340.186992094,19366125.462464828,681932656.03552687,1073492992.9198462,31449217.262303255,85582646.347383708,277021303.2496987,153185202.10186878,44015958.804813303,37320116.330298953,31708009.491310023,47688624.185822882,72404710.43330349,14927960.98721673,25580735.701706301,91583003.697296292,27973569.404905528,30147584.02106924,99806899.416120321,48944125.405886866,49502842.523005709,31675138.688417595,158273304.5247753,64893710.051272854,50114976.767340071,15753827.055466184,2793662811.8642864,24371789.614465345,310563824.54152012,70684229.876409292,29529949.366804481,26504352.552773539,69977651.511797249,142088795.50656188,17131143.869819045,164693478.60507524,111420642.15851632,26687142.248608977,20420747.558206566,421058432.02717942,180334773.83065608,21616396.942440409,80934764.800739184,390751511.17407399
Ei,0.02,0.8,1,578271.0280373832,573422.1192819919,592105.2631578947,614285.7142857143,589761.9047619047,590811.4558472554,583274.4405182567,805263.1578947369,607918.9686924494,568158.34767642,590000.0,589642.8571428572,563139.9317406144,597525.6487628244,581818.1818181818,594736.8421052631,620000.0,573696.4078794902,585106.3829787234,629411.7647058824,650000.0,582352.9411764706,627272.7272727273,616666.6666666666,561076.4872521247,583962.2641509434,620000.0,604347.8260869565,590811.4558472554,579344.645991808,573971.0144927537,609090.9090909091,563253.6973833903,625000.0,614285.7142857143,620000.0,604347.8260869565,636363.6363636364,555300.0560852495,585917.1597633136,614285.7142857143,566475.9725400457,578901.2273524255,642857.1428571428,663157.8947368421,560554.6123372948,620000.0,622222.2222222222,609090.9090909091,575000.0
Tsafe,0.02,0.8,0.01,20,20,1734,21,1678,1695,21,1694,1594,1688,1732,1693,23,20,22,1655,20,1629,1765,1764,1715,1696,1688,24,25,1715,1731,1587,1663,19,21,1659,20,24,21,1717,23,22,20,22,21,19,1709,21,19,20,20,18,1678,1721
TR,0.02,0.8,0.01,60808929.9693546,14942267.389835363,183823520.60933319,47314011.335783914,42355632.839396372,66458563.903848298,43576448.527840883,101575851.48239794,820330284.78626227,1094469455.7142153,105200852.55315189,92575469.55703868,474951798.31854725,31211894.119616594,50378277.924322836,172610416.54764408,20313656.451446105,43080011.373540223,76340367.69006829,94472879.949763075,126419951.26797175,88818385.398106799,103838159.57604496,67254355.899572298,96223721.810569987,82611968.811943203,70370075.160183474,45362699.076319851,179537779.1480186,18512171.73818139,29544828.037168052,338263879.34795111,35578975.412284829,131364360.78346832,28614470.518600922,325661214.51491982,68514523.173283324,22063240.684257749,128370492.53706883,58931925.044362411,281768527.11864144,93191377.607989416,111607823.89154309,63922645.902116984,1620376099.1410723,18424558.476755217,123806581.31047508,24457577.559258562,122462936.56642327,459987196.62776601
Ei,0.02,0.8,0.01,560000.0,560000.0,571049.5963091119,690476.1904761905,590226.4600715137,584129.7935103244,585714.2857142857,584533.6481700118,621204.5169385194,586492.8909952607,571593.533487298,585528.6473715298,708695.6521739131,700000.0,609090.9090909091,598247.7341389728,730000.0,607796.1939840392,560963.1728045326,561337.8684807257,577317.7842565598,583844.3396226416,586492.8909952607,625000.0,644000.0,577317.7842565598,571981.5135759676,624007.5614366729,595730.6073361395,773684.2105263158,614285.7142857143,596805.3044002411,620000.0,650000.0,585714.2857142857,577111.2405358183,673913.0434782609,600000.0,610000.0,700000.0,642857.1428571428,563157.8947368421,579461.6734932709,642857.1428571428,626315.7894736842,590000.0,680000.0,600000.0,589988.0810488677,575537.4782103428
Tsafe,0.02,0.8,0.0001,1693,20,19,21,1618,1665,1637,1681,19,1724,1744,1674,23,1676,1744,19,20,1742,1736,17,1666,1701,22,24,1748,1731,1674,1628,19,1718,21,1644,1756,24,1700,1714,1579,22,1701,1678,1702,19,19,1669,1636,20,20,1667,1707,24
TR,0.02,0.8,0.0001,191233613.059769,18552474.111327816,14976628.051636344,72803784.554543018,55299606.539094791,61119686.625801854,65151458.209767811,83779723.879195556,113681467.08922671,1121421737.8905027,80578761.464824408,76927416.226458475,506597501.98150581,143529464.73143926,78330964.760900512,36531803.938568674,58218256.296216972,60860450.579722203,44641556.758319542,15832932.719941892,169965679.03919667,71384133.49390313,54057870.63428925,44530922.018439114,95676713.416861951,53788687.630265899,62969746.558888011,54972503.312294319,25003001.633559138,103777824.06319973,36004818.521856003,217330442.48186013,63334946.474573664,40267746.414441705,72998470.36406742,248624511.80747715,157677259.96813014,61942664.435966685,591621962.20489526,110505139.6355302,295343359.55564702,15046664.155523421,93290811.561742723,254962854.42016649,1571237883.8885219,39466281.602128141,48687206.542975619,126190461.7891528,134137977.31472997,20456414.761019379
Ei,0.02,0.8,0.0001,584937.9799173066,610000.0,694736.8421052631,585714.2857142857,612113.7206427689,594774.7747747748,604948.0757483201,589470.5532421177,710526.3157894737,574593.9675174014,567889.9082568807,591517.3237753883,656521.7391304348,590811.4558472554,567775.2293577981,647368.4210526316,650000.0,568541.9058553387,570506.9124423963,711764.7058823529,594357.7430972389,582186.9488536156,581818.1818181818,600000.0,566361.5560640732,572097.0537261699,591636.798088411,608722.3587223587,657894.7368421053,576251.4551804424,633333.3333333334,602433.0900243309,564009.1116173121,600000.0,582352.9411764706,577596.2660443407,627169.0943635212,736363.6363636364,582069.3709582598,590107.2705601907,581903.642773208,584210.5263157894,657894.7368421053,593229.4787297783,605378.9731051344,680000.0,650000.0,594061.1877624475,580023.4329232572,591666.6666666666
Tsafe,0.02,0.8,1e-06,1707,1692,19,21,22,1654,21,19,1621,1699,1700,19,23,1750,1754,19,20,1654,20,1737,1686,1664,1632,1676,1751,21,1730,1641,19,19,1719,1697,20,24,1693,20,1625,22,1790,22,1712,19,19,1677,1648,1735,1668,18,22,24
TR,0.02,0.8,1e-06,124977419.50003706,48864858.79119622,19855363.312072746,17808752.463652007,122181425.70124318,89939312.284965262,30016615.794591531,86167338.92515263,715061389.88738132,1110518095.8111637,96120565.355401576,38206255.940625913,22604673.894219562,145007085.61924806,69411388.308921039,29421232.347009819,386194158.52647573,50149881.878795341,32728743.439935539,234275770.19947684,167452463.1428251,97613591.331134453,83684122.075152695,1503992524.1812587,128961297.27235979,15856686.199664412,61395568.485716119,58832482.128355734,26590530.521043263,14399713.1611582,66865410.61319942,712902115.10346925,51356298.191095546,17439706.234495163,79924180.840188667,29848267.884678643,115363192.29024534,36399777.982715562,45756316.065876551,98655120.28272289,287900143.12062907,25473104.878965762,21201755.898212597,1357220404.5370493,1538388124.1003389,54385176.05155123,155901793.26963311,13155497.241037566,53069707.199013427,122477398.89716238
Ei,0.02,0.8,1e-06,580023.4329232572,585697.3995271868,563157.8947368421,633333.3333333334,636363.6363636364,598790.8101571947,614285.7142857143,626315.7894736842,610795.8050586059,582872.2778104767,582470.5882352941,657894.7368421053,647826.0869565217,565828.5714285715,564652.2234891676,626315.7894736842,620000.0,598790.8101571947,590000.0,570236.0391479563,587307.2360616844,594951.9230769231,606862.7450980392,590692.1241050119,565676.756139349,585714.2857142857,572254.3352601156,603473.491773309,626315.7894736842,626315.7894736842,575974.4037230948,583912.7872716559,580000.0,600000.0,584819.8464264619,695000.0,609292.3076923077,581818.1818181818,553407.8212290503,609090.9090909091,578855.1401869159,626315.7894736842,626315.7894736842,590518.7835420393,600970.8737864078,570778.097982709,593764.9880095923,633333.3333333334,663636.3636363636,625000.0
Tsafe,0.02,0.8,1e-08,1703,1671,19,21,22,1707,21,19,19,1667,20,1701,23,1687,1736,19,1679,1691,1727,17,20,1688,1683,24,1786,1733,1685,1614,19,19,21,1721,1772,1675,1736,1708,1682,1662,20,1670,1698,19,19,1684,19,20,1748,18,1716,24
TR,0.02,0.8,1e-08,123061703.48110476,66519304.505294777,56756617.246492118,869569624.32757747,33957185.844887167,130096562.77706277,34516106.261630431,19777472.714669097,90156502.409100041,1094134176.4320521,19993688.578304108,92953143.692835778,37397056.33460208,200063383.78043944,77625888.871955112,155914723.09319505,424827876.21223307,50292392.29984054,61487524.721357569,17220098.251339771,107688113.86429648,66450044.882223301,95641215.535553962,27861355.820675761,63980316.286967255,73657059.037307471,42139917.623828821,67874717.804952368,17207651.44422438,10923102.341654461,22127312.484804749,188272917.91855791,644958871.32580817,110193842.78133297,77961957.340187415,253421171.05642289,139467955.20114392,89375744.971807167,18960370.062167715,120507927.42381659,292323978.86834723,187535417.69055334,31241244.339486297,279405930.47320378,18338989.305348948,386038396.38650674,129072964.32730752,18011405.392661981,96864164.885502279,33202252.736954123
Ei,0.02,0.8,1e-08,581385.7897827363,592519.4494314782,647368.4210526316,633333.3333333334,727272.7272727273,580140.597539543,642857.1428571428,657894.7368421053,657894.7368421053,594061.1877624475,620000.0,582304.5267489712,621739.1304347826,587255.4831061055,570276.4976958525,594736.8421052631,589815.366289458,585629.8048492017,573422.1192819919,629411.7647058824,620000.0,586611.3744075829,588651.2180629828,641666.6666666666,554535.274356103,571436.8147720715,587715.1335311573,613382.8996282528,647368.4210526316,563157.8947368421,633333.3333333334,575305.0552004648,558690.7449209932,591223.8805970149,570391.7050691245,579625.2927400469,588585.0178359096,595788.2069795427,610000.0,592934.131736527,583038.8692579506,563157.8947368421,657894.7368421053,587885.9857482185,594736.8421052631,620000.0,566475.9725400457,600000.0,577156.1771561771,691666.6666666666
Tsafe,0.02,0.8,1e-10,1724,20,19,21,1639,19,21,19,19,1712,1749,19,1694,20,1715,1719,20,19,20,17,20,25,1679,24,25,21,1681,1614,1690,19,1720,22,1696,24,21,1706,23,22,20,22,21,1748,1707,21,1674,20,20,1746,1720,24
TR,0.02,0.8,1e-10,188255242.90693974,31373020.257125121,19858738.146571361,872475258.55851293,166468914.09164757,24787380.66287512,47971347.275988072,53348233.552362628,109562582.76592615,1121351292.8287156,113767855.54646623,25584005.297155604,249221070.668336,11807122.252173629,75488058.11061798,174381183.20424026,19727466.048285186,22724038.02843871,13885376.31880169,88574300.918194681,41852330.490623079,62299525.559521899,69173966.503947645,38108943.398182862,55237520.985949323,25521692.210722819,196012700.28254378,50373209.275178529,214744298.43931618,17457687.627086092,72754299.571791112,34452916.960583717,2781753501.0097795,45788888.861898497,34236752.532181092,279808927.64812028,29594680.682895221,68670436.406080782,22903225.057135209,113892250.09133586,282543302.37842262,248015021.11258471,98679411.540401801,85548897.284165844,42426383.805666372,15129591.523482729,49669546.157201082,327280293.51113731,116495575.68624155,439137478.01485163
Ei,0.02,0.8,1e-10,574477.958236659,620000.0,594736.8421052631,671428.5714285715,604087.8584502746,626315.7894736842,628571.4285714285,594736.8421052631,615789.4736842106,578271.0280373832,566552.3156089194,647368.4210526316,584415.5844155845,630000.0,577434.4023323616,576207.0971495055,650000.0,647368.4210526316,590000.0,664705.8823529412,650000.0,644000.0,589934.4848123883,575000.0,660000.0,661904.7619047619,589113.6228435455,613382.8996282528,585917.1597633136,626315.7894736842,575813.9534883721,627272.7272727273,583844.3396226416,625000.0,633333.3333333334,580539.2731535756,630434.7826086957,690909.0909090909,610000.0,627272.7272727273,585714.2857142857,566590.3890160182,580023.4329232572,614285.7142857143,591397.8494623656,640000.0,640000.0,567124.8568155784,575581.3953488372,591666.6666666666
Tsafe,0.02,0.8,1e-12,20,1708,19,21,1645,19,1696,19,1601,20,20,1683,23,1685,22,1696,1637,19,20,17,20,25,22,24,25,1738,20,1681,1655,1732,21,22,20,1744,21,20,23,1675,20,22,1704,19,19,1695,1672,20,1742,18,22,24
TR,0.02,0.8,1e-12,115174223.66296123,67202509.401212215,110186900.48509991,1357571838.33586,315332270.33724493,27139006.239997428,77839263.703963056,30646687.022455875,574661608.60147071,36966992.199265234,44398642.200445071,74202063.748500422,26178607.277006034,157789237.37500539,19879176.043833118,178200773.18340746,2497121716.4915075,26745739.547437046,24679132.069484867,12979255.34395837,108304973.88157129,73823670.250890344,96548113.083348811,1484800379.9954326,26356568.346100133,65118363.820842966,223399705.35838997,53293948.078850225,247466787.12643158,79005779.110553622,55230884.205607876,268737326.54562747,38441370.298366837,91372949.854053155,15574312.540429754,21934927.620003581,21819580.247053128,51038749.728675254,53483731.79790809,167953851.10450622,290788039.96819729,14225977.414568167,38761551.388747022,288379273.92658877,1656260752.8181796,388691994.86630344,178194377.54906523,21549887.320071384,19475682.163609728,437574366.24941254
Ei,0.02,0.8,1e-12,620000.0,579859.4847775176,678947.3684210526,600000.0,602006.0790273556,594736.8421052631,584080.1886792453,615789.4736842106,618550.9056839475,710000.0,620000.0,588413.5472370767,604347.8260869565,587715.1335311573,609090.9090909091,583962.2641509434,604948.0757483201,657894.7368421053,1010000.0,535294.1176470588,640000.0,660000.0,681818.1818181818,675000.0,596000.0,569850.4027617952,620000.0,588994.6460440215,598247.7341389728,571593.533487298,585714.2857142857,609090.9090909091,560000.0,567660.5504587156,633333.3333333334,590000.0,673913.0434782609,591223.8805970149,650000.0,700000.0,581338.0281690141,594736.8421052631,594736.8421052631,584129.7935103244,592105.2631578947,620000.0,568427.0952927669,622222.2222222222,640909.0909090909,683333.3333333334
Tsafe,0.02,0.8,1e-14,20,1706,1653,21,1653,19,1746,1752,1638,1701,1714,1718,1708,1694,22,19,20,19,20,1770,20,1713,1632,1678,25,1714,1718,1682,19,1733,1723,1638,20,1693,21,1738,1653,1677,20,1740,21,19,1726,1698,19,20,1738,18,22,24
TR,0.02,0.8,1e-14,23633046.338833198,82195528.978928864,122720479.57445006,922301422.21059895,54328659.191545539,73741742.563393638,88661872.397785082,101645826.75339985,814530242.75695121,1102786123.7335143,95376520.565284863,86824546.70101589,495384262.93724203,182729878.67064384,16079914.44025154,62574091.617780305,23689440.450399436,28602777.902812488,24110241.891150344,94657077.128561437,18114240.487025358,93177522.395728365,267676685.30638248,1501417654.3054912,28770913.620692153,77279517.160138488,71337299.238044143,57377681.416468024,21058231.301543437,104480689.43477912,64470242.134961985,371278492.10496038,16026765.174680887,117341836.15506692,45716953.059787586,323487149.89933354,106846635.09314662,65449473.942529075,24179222.633605756,132046538.90253076,41753542.460550025,36546517.080924228,115227405.12319323,1409190062.7557554,37907760.731865905,42044221.013467088,302573176.13363242,14160089.976630617,85180643.50021486,27055782.468332723
Ei,0.02,0.8,1e-14,590000.0,581477.1395076201,598971.5668481549,747619.0476190476,598971.5668481549,657894.7368421053,567239.4043528064,565068.493150685,605006.105006105,582069.3709582598,577712.9521586931,576251.4551804424,579859.4847775176,584533.6481700118,581818.1818181818,594736.8421052631,670000.0,615789.4736842106,590000.0,559774.011299435,620000.0,578108.581436077,606617.6470588235,590226.4600715137,572000.0,577946.3243873978,576484.2840512224,588703.9239001189,563157.8947368421,571321.4079630699,574637.2605919907,604639.8046398046,670000.0,584937.9799173066,614285.7142857143,569620.2531645569,598971.5668481549,590518.7835420393,590000.0,569195.4022988506,585714.2857142857,594736.8421052631,573928.157589803,583274.4405182567,742105.2631578947,720000.0,569735.3279631761,566666.6666666666,636363.6363636364,625000.0
Tsafe,0.02,0.8,1e-16,1721,20,19,1659,1635,19,1668,19,1622,1700,20,1685,23,1713,1727,19,20,1697,20,1735,20,25,22,1697,1736,1724,20,23,1697,1728,21,1693,1762,1736,21,1743,1652,22,1772,1680,21,19,19,1686,19,20,20,1734,22,24
TR,0.02,0.8,1e-16,158021820.21909145,18873251.949890222,25753160.714600179,946364248.51555622,70876198.238061577,13322180.505242262,104850105.7031123,86167338.92515263,726772640.26777411,1096547553.6459706,65532284.458003417,74816381.95788756,29639081.106024947,133007424.22923602,73199107.585805014,36950113.225678556,31649938.666037887,58178418.454312272,14307228.324249091,98337689.67744188,41413990.687608615,30197516.165780153,60852558.719213583,1495883741.094492,112809289.91915299,85055119.163401902,117135348.59845413,30706601.864951055,138252589.59454164,62402536.939983785,18094996.974084016,282480570.16870129,1894786742.3179524,85757873.77560091,19286591.591653451,372937187.58159441,96155443.163546473,36895635.897099085,225443603.50399745,121933732.39483869,19741344.907842468,14634468.172825798,23388588.951744724,262815470.51805195,90830473.910401225,39317438.607738599,62465586.007818177,109700243.90854587,32128270.737897273,16923452.047830336
Ei,0.02,0.8,1e-16,575421.2667054038,590000.0,626315.7894736842,597166.968053044,605688.0733944954,594736.8421052631,593645.0839328538,689473.6842105263,610357.5832305795,582470.5882352941,620000.0,587715.1335311573,621739.1304347826,577991.8272037362,573422.1192819919,784210.5263157894,620000.0,583441.3671184443,560000.0,570778.097982709,610000.0,636000.0,627272.7272727273,583559.2221567472,570506.9124423963,574825.9860788863,620000.0,621739.1304347826,583441.3671184443,572916.6666666666,585714.2857142857,584819.8464264619,562088.535754824,570276.4976958525,614285.7142857143,568043.602983362,599878.9346246973,627272.7272727273,558916.4785553047,589285.7142857143,642857.1428571428,563157.8947368421,594736.8421052631,587307.2360616844,615789.4736842106,660000.0,590000.0,571049.5963091119,609090.9090909091,616666.6666666666
Tsafe,0.02,0.8,1e-18,1712,1646,1688,1694,22,1747,21,1681,19,1748,20,19,23,21,1736,19,20,19,1700,1737,20,1690,22,1678,1796,21,20,23,20,1707,21,22,21,1725,21,1724,23,22,21,1711,1674,20,19,1670,1682,1695,20,19,1692,1748
TR,0.02,0.8,1e-18,148264678.38554159,57749976.783699207,181942009.75398895,1059838447.9059119,45260220.108135797,128374804.28568992,42850586.714840986,121318351.49400514,44281710.389444768,1081713529.8247969,13988793.921071611,59663830.207075469,25742699.633923784,42071368.776064128,84018867.406702399,16328294.190492067,88688217.751541108,23141324.615723439,117867400.8577777,94539201.830707267,30176640.764206875,125097160.3628372,35455664.089028478,1499416097.3669107,85085824.35754548,64439172.748396613,16921995.845404826,13656343.716624206,25818356.070779715,125229343.56165875,20007554.285992704,956284504.79685736,672653149.24188113,69999845.240148798,310518530.6647712,277261344.14354676,17166299.988831688,18348955.506235465,61090455.593627222,179981087.10632852,61429816.179551683,188044456.15459278,101317657.16861165,300598726.55430359,1634407780.170608,51524377.629503109,15949653.162664579,28968498.903822076,101387799.76681757,42184096.28989289
Ei,0.02,0.8,1e-18,578621.4953271028,601458.0801944106,586729.8578199052,584415.5844155845,609090.9090909091,566742.9879793932,614285.7142857143,589113.6228435455,615789.4736842106,566361.5560640732,610000.0,594736.8421052631,578260.8695652174,585714.2857142857,570506.9124423963,721052.6315789474,620000.0,594736.8421052631,582470.5882352941,570005.7570523892,590000.0,586035.5029585799,690909.0909090909,589988.0810488677,551447.6614699332,604761.9047619047,620000.0,608695.6521739131,650000.0,580140.597539543,614285.7142857143,636363.6363636364,604761.9047619047,574202.8985507246,614285.7142857143,574825.9860788863,604347.8260869565,609090.9090909091,661904.7619047619,578667.445938048,591636.798088411,590000.0,647368.4210526316,592934.131736527,588585.0178359096,584129.7935103244,620000.0,657894.7368421053,585106.3829787234,566590.3890160182
Tsafe,0.02,0.8,1e-20,22,22,1684,21,22,1686,1726,1705,20,1702,24,21,1698,1672,23,21,1750,1634,22,23,1684,1670,1628,24,1778,22,1745,1647,1671,1705,1699,22,23,24,1724,23,23,22,1789,1682,23,1741,1728,21,1680,23,21,1723,22,24
TR,0.02,0.8,1e-20,42526907.533636831,17181282.301365595,155260838.6401014,30534476.670081243,36807764.501655966,50939623.506689332,67079332.109247416,79828290.245507389,24728369.313118406,1119360627.9342895,91225812.592024654,50654142.504022166,279039683.53876185,129719461.57417446,45971161.272102989,40329650.410208441,440745160.34156674,78287564.121984065,37294071.877142087,104837541.47081412,3613033709.9747896,102941653.2079194,71677195.730665624,1477303846.1827679,83225791.272560179,19629286.018168684,63076385.408597738,46542334.988750227,182774336.41148412,105569181.59183985,74134370.796142891,22339072.942090161,6251576236.685771,27856586.767569683,79924180.840188667,95267866.917129785,23705942.314743251,33502081.643627413,70031724.657632664,161979479.80692008,49914186.460579947,338281589.12792975,107053903.05350474,1332833205.5379591,90316215.451327488,458865185.1586526,57378582.459221177,71929675.445748165,23123087.348474048,32010341.396383852
Ei,0.02,0.8,1e-20,581818.1818181818,581818.1818181818,588123.5154394299,700000.0,627272.7272727273,587307.2360616844,573812.2827346466,580821.1143695015,670000.0,581668.625146886,625000.0,614285.7142857143,583156.6548881036,592224.8803827751,621739.1304347826,614285.7142857143,565714.2857142857,606119.9510403917,600000.0,578260.8695652174,587885.9857482185,592934.131736527,608353.8083538084,579166.6666666666,556805.3993250844,600000.0,567507.1633237823,601153.6126290224,592639.1382405745,580703.8123167155,583107.7104178929,581818.1818181818,708695.6521739131,575000.0,574477.958236659,604347.8260869565,604347.8260869565,654545.4545454546,553437.6746785914,588822.8299643282,630434.7826086957,568811.0281447445,573263.8888888889,633333.3333333334,589404.7619047619,604347.8260869565,614285.7142857143,574753.3372025536,663636.3636363636,666666.6666666666
Tsafe,0.02,0.8,1e-22,1718,1682,1705,23,1659,23,1713,1691,1629,1734,24,1709,1684,1690,24,24,1622,1731,25,24,24,25,1640,1720,1770,24,1689,1666,23,1705,1715,1701,1712,25,1665,25,25,24,1762,24,25,1761,1676,23,23,1696,23,23,1681,26
TR,0.02,0.8,1e-22,176504572.14016044,45285202.6513028,158185275.12405622,1303646222.5712445,191186270.46517241,52749976.718894258,350117185.21543181,56637160.210297033,947735004.27005088,1123136406.8090518,53407015.920600772,72866829.379165262,496116883.12358415,138904336.61766651,25148601.486177675,21108541.543944731,1079215237.7008173,51589583.244873345,74983978.995183989,25332115.544905867,108709953.0640402,72002617.821678892,77432903.718456447,1486887301.8594687,131319923.45036659,31941255.746035762,59065654.451542027,51445772.419165939,19336128.780556567,65859896.754236691,66743546.30515562,1110662664.0781076,2777710584.2370701,42625777.023987859,317749241.37845916,21533725.175335735,14231529.966207085,24011161.173991695,72983543.581551149,63219588.151767746,19843802.680198789,132552698.4317013,118195846.21959007,28568502.730741166,32452348.096803308,53184784.431446448,21192812.956699692,27770243.652244542,117384193.49511783,32614156.857467346
Ei,0.02,0.8,1e-22,576484.2840512224,588822.8299643282,580703.8123167155,604347.8260869565,596805.3044002411,578260.8695652174,578108.581436077,585511.531638084,608041.7434008594,571049.5963091119,695833.3333333334,579344.645991808,588004.7505938242,585798.8165680474,616666.6666666666,600000.0,610480.8877928483,572097.0537261699,624000.0,641666.6666666666,650000.0,620000.0,603780.487804878,575581.3953488372,559548.0225988701,666666.6666666666,586204.8549437537,594477.7911164466,647826.0869565217,580821.1143695015,577434.4023323616,582186.9488536156,578271.0280373832,660000.0,594774.7747747748,548000.0,596000.0,641666.6666666666,561861.5209988649,600000.0,620000.0,562350.936967632,590811.4558472554,621739.1304347826,604347.8260869565,583962.2641509434,578260.8695652174,604347.8260869565,589113.6228435455,615384.6153846154
Tsafe,0.02,0.8,1e-24,1686,26,1678,1672,1674,25,1713,25,1566,1705,1736,25,1712,26,1700,1666,27,1716,1690,1737,1683,1726,26,27,27,26,25,25,1702,1730,25,25,1695,1718,1717,1698,1660,1684,28,27,1719,1717,1730,1652,1690,1688,25,1695,26,1751
TR,0.02,0.8,1e-24,154421762.42348927,15975106.858908046,124695762.74546586,1390993805.4473524,103677458.16543725,29735373.83634143,62968860.214052588,73425971.373570234,153193817.87556323,1082479087.4007244,105460914.58914556,33330400.387333885,645313625.87365592,95408432.913278773,62936711.496921942,178235870.56223914,40879466.845652923,972853427.19979668,74379425.38404265,80047907.517252848,145241099.52096814,83166480.777256072,48851659.386347488,85709773.183909893,25958568.408716813,19495730.866214924,19922253.313819453,26923731.363073491,240796449.53831619,64167939.626637712,48960736.893254921,49209415.529883109,2800589825.0798693,190345408.07281864,322745228.23269117,303546123.17838812,104711006.90337099,70569185.898829967,44733057.766630776,46135473.489550374,44721376.719704852,93827846.328951031,106601669.18143232,1518192488.3124344,117136986.19669078,48571971.33818996,125729245.56115717,119033774.72717899,103432237.87926503,461308413.48123431
Ei,0.02,0.8,1e-24,587307.2360616844,592307.6923076923,589988.0810488677,592224.8803827751,591517.3237753883,668000.0,578108.581436077,620000.0,633205.619412516,580703.8123167155,570276.4976958525,660000.0,578621.4953271028,653846.1538461539,582470.5882352941,594237.6950780312,677777.7777777778,576923.0769230769,586153.8461538461,570005.7570523892,588413.5472370767,573696.4078794902,700000.0,648148.1481481482,633333.3333333334,592307.6923076923,572000.0,572000.0,581786.133960047,572254.3352601156,620000.0,612000.0,584365.7817109145,576367.8696158323,576994.7582993594,583274.4405182567,596385.5421686746,588004.7505938242,657142.8571428572,566666.6666666666,576207.0971495055,576645.3115899825,572369.9421965318,599515.7384987894,585798.8165680474,586729.8578199052,620000.0,584129.7935103244,653846.1538461539,565562.5356938893
Tsafe,0.02,0.8,1e-26,1590,1688,1720,1643,27,1692,27,1702,1590,28,1702,1680,30,1708,1669,27,29,1685,1766,1700,1659,1731,1629,1695,1772,1748,28,1668,28,1715,1684,28,30,28,1702,1727,1663,28,30,29,28,29,1718,1646,26,1696,1731,27,1689,1750
TR,0.02,0.8,1e-26,155547752.06851709,81828987.795895875,163820947.82787725,139288197.00154641,21872349.286008608,75061436.124922395,30075500.903812848,70801619.614420041,770048733.87129867,30768977.449847165,108161725.74559391,89864588.791323572,20745457.103143875,144888927.61478081,59337959.46851483,78320444.245473027,34314370.234317645,70327147.230236873,73690029.573915184,55207553.297065914,1292878167.5402019,127651252.65019375,117076990.58520481,1498578373.2132034,107929466.3436407,78716796.624034867,62093270.987974785,170871819.73162302,26312512.784762308,68217489.461077288,74419670.086004049,190014256.07895136,74367633.53408052,22255215.101472609,344881961.52403486,324047614.86487877,122424816.53190507,35404927.04248815,56523577.805663005,37726164.316004775,291720115.59461707,26074981.519645121,110432274.91908573,136122333.39104378,26738295.856675647,57865677.444164634,236598623.74045286,136537855.03639609,90755020.559436321,98059749.232214689
Ei,0.02,0.8,1e-26,622641.5094339623,586729.8578199052,576162.7906976744,602982.3493609251,625925.925925926,585224.5862884161,603703.7037037037,581668.625146886,622641.5094339623,600000.0,581668.625146886,589404.7619047619,653333.3333333334,579625.2927400469,593349.3109646495,670370.3703703703,644827.5862068966,587715.1335311573,560588.9014722537,582470.5882352941,596925.8589511754,572097.0537261699,607918.9686924494,584247.7876106194,558916.4785553047,566590.3890160182,642857.1428571428,593525.1798561151,585714.2857142857,577434.4023323616,588004.7505938242,642857.1428571428,660000.0,600000.0,581786.133960047,573306.3115228721,595369.8135898978,607142.8571428572,580000.0,637931.0344827586,664285.7142857143,658620.6896551724,576484.2840512224,601458.0801944106,592307.6923076923,583726.4150943396,571981.5135759676,625925.925925926,586204.8549437537,565942.8571428572
Tsafe,0.02,0.8,1e-28,1742,1694,1687,1676,30,1682,1660,1752,28,1722,1684,1716,1738,1681,30,1667,1688,1677,1680,1727,1688,1685,1670,1692,31,29,1716,1620,31,31,1723,30,1726,1682,1693,1743,30,31,1719,30,31,1739,29,1691,28,31,1740,30,30,1757
TR,0.02,0.8,1e-28,310240434.65834707,59034202.428755231,123959358.33003272,85318688.995984659,70709300.072187573,775153147.80573058,94660222.039359137,66326542.420692876,35728303.863217115,1108707365.9025056,111746640.65582407,91940741.033140272,688977152.30951273,135533268.99819332,48771288.397677816,239558447.28631949,1110737719.2782195,55994483.208171681,96402664.081192389,246811315.35767162,155001374.23667946,104081176.74903445,25475794826.290146,1529727360.5902545,77180082.093254462,26759742.555471726,91226177.935990438,221806228.40481254,64913937.894975953,44765090.466964647,158522542.97600707,26073355.526701495,41325387.289137937,64641924.790616453,329162613.69383305,110712250.92444763,59015316.53922423,34716544.020047411,56956306.27414795,101003191.20439506,36134528.97474052,202415658.39190498,20456888.483826488,293841879.48387253,118873667.54283306,37800874.085617557,160783095.41100791,96421323.126725003,55436730.341302574,52560171.128626332
Ei,0.02,0.8,1e-28,568312.2847301952,584415.5844155845,586899.8221695317,590930.7875894988,580000.0,588585.0178359096,596385.5421686746,565068.493150685,600000.0,575145.1800232287,588361.0451306413,577039.627039627,569620.2531645569,589113.6228435455,580000.0,593941.2117576485,586611.3744075829,590399.5229576625,589523.8095238095,573306.3115228721,586611.3744075829,587596.4391691395,592814.371257485,585224.5862884161,629032.2580645161,582758.6206896552,577039.627039627,611358.024691358,596774.1935483871,609677.4193548387,574637.2605919907,593333.3333333334,573696.4078794902,588703.9239001189,585292.3803898406,568043.602983362,633333.3333333334,654838.7096774194,576090.7504363002,600000.0,629032.2580645161,569350.2012650949,582758.6206896552,585511.531638084,628571.4285714285,629032.2580645161,569425.2873563218,620000.0,600000.0,563745.0199203187
Tsafe,0.02,0.8,1e-30,1756,1655,1671,1672,32,1681,1702,1703,1589,1683,32,1676,1734,33,1718,1719,32,1698,1766,32,33,33,1657,1705,1718,32,1693,1698,1691,1724,1717,1632,34,1673,1697,33,33,30,34,1696,1741,1709,1705,1684,1647,1706,1733,1715,1671,35
TR,0.02,0.8,1e-30,157857816.09429953,231889269.12298989,80821199.293607324,135268204.67422631,25407073.289122228,747910464.87940037,314820099.16406155,62011511.675959915,585514369.64381075,1275012884.9120193,92081381.773932248,80414395.148462385,70717312.395689204,28018074.939048931,60633631.814071216,182231516.17369905,31648422.066250436,79656193.891096964,72017513.095733687,89460203.979589731,112310116.51120783,82252414.494887844,243934814.11317453,1497630846.9430747,67357035.105717242,32735065.263445195,211343692.5238452,85028231.434723109,166453562.15462345,142439173.79261494,420871433.96470201,528385802.98950517,47383064.751592606,68060522.026792243,83446350.566729859,27515003.696114056,70767482.1056986,45893116.943960041,35762839.642649107,180337428.32892349,61250944.1754255,209003730.78784156,217883647.74184811,274117887.57128108,1691727414.2133808,88068257.056252733,133474293.89639026,716272547.6880976,107168983.52435112,421097276.64108926
Ei,0.02,0.8,1e-30,563895.2164009112,598247.7341389728,592639.1382405745,592344.4976076555,650000.0,589113.6228435455,581668.625146886,581620.6694069289,623096.2869729389,588413.5472370767,625000.0,590930.7875894988,571395.6170703575,609090.9090909091,576484.2840512224,575974.4037230948,631250.0,583745.5830388693,560588.9014722537,650000.0,645454.5454545454,645454.5454545454,597646.3488231744,580821.1143695015,576251.4551804424,643750.0,585056.1134081512,583274.4405182567,585511.531638084,574477.958236659,576761.7938264415,606740.1960784313,588235.2941176471,591930.6634787807,583441.3671184443,603030.303030303,603030.303030303,673333.3333333334,600000.0,583726.4150943396,568811.0281447445,579695.7284961966,580703.8123167155,587885.9857482185,601153.6126290224,580304.8065650645,571667.628390075,577434.4023323616,592519.4494314782,602857.1428571428
Tsafe,0.02,0.8,1e-32,35,1739,34,1706,1701,33,1672,34,1571,1748,1743,33,1780,1706,1691,33,1688,1688,1720,1716,36,1682,33,33,35,1729,34,1668,1638,35,34,1698,36,1664,1746,1707,1636,1674,1756,1739,1696,40,1760,35,1662,35,33,1731,1625,1740
TR,0.02,0.8,1e-32,38028151.878238976,237889198.75441885,43814440.257698961,1323538038.5455518,240136898.58946958,107404628.89483662,2926415280.0489492,32992895.808299489,436603104.39674199,1132161252.4686158,90119275.072728217,28963056.797977038,509206703.82883942,154086860.70346677,54309084.845244095,106801664.47752935,124552348.81805004,51478833.638940968,86635545.34543933,138913755.8383998,40080900.29971236,75741843.096617803,42645143.141507208,41365273.10058964,37603603.931064367,109004389.61567627,35782820.553614646,68163393.891200081,283483366.62495452,180768792.42995164,66051726.187481768,220763185.35352734,38029337.489768542,99015191.599470958,352371046.98724049,320717182.24444538,48896860.848988943,70057978.488582954,61640447.307790443,59080505.755692206,336684807.48784167,44963851.081528194,137672736.72113362,93505626.294450745,112598928.26571187,39136340.440399662,73839541.946634561,170823061.75514483,108096941.93969324,73651573.731760979
Ei,0.02,0.8,1e-32,625714.2857142857,569350.2012650949,641176.4705882353,580422.03985932,582186.9488536156,639393.9393939395,592703.3492822966,605882.3529411765,630490.1336728198,566590.3890160182,568043.602983362,675757.5757575758,556404.4943820224,581125.4396248534,585748.0780603193,609090.9090909091,586729.8578199052,586729.8578199052,575581.3953488372,577156.1771561771,594444.4444444445,588585.0178359096,681818.1818181818,590909.0909090909,585714.2857142857,572643.1463273568,600000.0,593525.1798561151,604639.8046398046,585714.2857142857,635294.1176470588,583627.7974087162,583333.3333333334,595192.3076923077,567010.3092783506,580492.0913884008,605256.7237163815,591517.3237753883,564009.1116173121,569465.2098907419,583844.3396226416,620000.0,562500.0,637142.8571428572,595908.5439229844,620000.0,590909.0909090909,571981.5135759676,609292.3076923077,568965.5172413794
Tsafe,0.02,0.8,1e-34,37,1601,1714,1673,35,35,1656,38,1603,1693,37,1737,1743,1676,38,35,1658,1712,1733,38,1717,1707,1638,36,1683,1704,37,1629,1673,1716,1730,35,38,1684,1704,1746,37,1623,1750,39,1736,1662,1716,1677,1696,36,36,1696,1716,1742
TR,0.02,0.8,1e-34,122790320.24646012,156925908.47936174,175352765.44218382,891752696.07352328,137435149.7891928,37587858.835959747,157060924.38215363,105242397.96983075,67358956.082229555,1127794545.311132,73623145.599440366,176936995.84303287,69279270.76889874,121820086.77331015,48608688.379642271,54170642.953519717,84800124.864680782,75587741.292264193,73275181.201003224,101426538.92428048,89142450.107913136,108030820.47418699,26750670005.620026,1490177098.9497395,142330063.65676907,112757889.51376718,68505438.910578936,137596420.41333577,201346885.17798951,135659217.82912213,48122220.975607924,186050802.39572522,31138743.433692317,362943944.19285214,360581620.91917729,131034686.32219869,64809569.600509092,129654925.7740455,131493327.20897429,45849503.623477072,329121505.37739354,152075133.04618391,99670633.787338659,1688530950.821228,138468427.80926892,47229097.757775158,56560085.299383141,176001924.95204112,190717263.20895171,955248006.90025604
Ei,0.02,0.8,1e-34,624324.3243243244,618425.9837601499,577596.2660443407,591811.1177525404,682857.1428571428,654285.7142857143,597826.0869565217,589473.6842105263,619401.1228945727,584937.9799173066,564864.8648648649,570351.1801957397,568158.34767642,590930.7875894988,605263.1578947369,568571.4285714285,597346.2002412545,578271.0280373832,571321.4079630699,589473.6842105263,576761.7938264415,580023.4329232572,604639.8046398046,616666.6666666666,588413.5472370767,581220.6572769952,640540.5405405406,607796.1939840392,591930.6634787807,577156.1771561771,572485.5491329479,585714.2857142857,594736.8421052631,588123.5154394299,580985.9154929577,567468.4994272623,689189.1891891892,610412.8157732594,565828.5714285715,623076.9230769231,570391.7050691245,595788.2069795427,576923.0769230769,590399.5229576625,583844.3396226416,616666.6666666666,600000.0,583962.2641509434,576923.0769230769,568427.0952927669
Tsafe,0.02,0.8,1e-36,1725,39,1696,1640,37,1691,1677,1693,35,1702,1722,1688,1742,1687,1683,37,1708,1693,38,1751,1647,38,1745,1678,38,1697,1660,1649,1715,1711,39,38,1759,42,1677,39,1633,39,41,1708,39,1742,1766,38,1642,39,1734,38,39,42
TR,0.02,0.8,1e-36,265514378.71099743,79376919.179598063,165277107.7712011,949229833.40156054,40507638.99750185,72538376.609685227,241033465.84337541,81262346.090031356,34646267.378497131,241527156.692882,79224815.145119622,82705032.727077007,137311883.385952,138969809.75720847,80341525.660039023,65751236.523062542,409715823.87293893,88135800.856999218,40669051.37011116,257112563.82336682,198017085.26149231,66700981.438250825,983181589.72231042,1503652741.3710461,37170904.282272935,151479326.79170921,213256342.22776526,207350171.28806788,68002045.424963713,54798602.319087051,44622458.144335382,59105551.699339047,4217672311.646039,67469457.514822736,355112988.22064334,39573682.762320176,88779776.309483394,59658635.083782569,70151021.696438313,121856220.11621979,41015299.203815304,101774913.15839985,122005721.73570611,50975279.333507538,117887923.50176087,37232050.640662044,301916348.53049695,37297882.22309877,63428074.239974566,39158035.571150541
Ei,0.02,0.8,1e-36,573971.0144927537,602564.1025641026,583962.2641509434,603658.5365853659,597297.2972972973,585629.8048492017,590399.5229576625,584819.8464264619,585714.2857142857,581903.642773208,575145.1800232287,586729.8578199052,568427.0952927669,587018.3758150563,588294.7118241236,581081.0810810811,579625.2927400469,584937.9799173066,631578.947368421,565676.756139349,601275.0455373406,589473.6842105263,567507.1633237823,590226.4600715137,605263.1578947369,583677.0771950501,596385.5421686746,600545.785324439,577784.2565597667,578667.445938048,561538.4615384615,636842.1052631579,562990.3354178511,585714.2857142857,590518.7835420393,576923.0769230769,606429.8836497244,602564.1025641026,587804.8780487805,579625.2927400469,592307.6923076923,568541.9058553387,560928.6523216309,642105.2631578947,603166.8696711328,602564.1025641026,571049.5963091119,652631.5789473684,592307.6923076923,557142.8571428572
Tsafe,0.02,0.8,1e-38,1648,1686,42,1658,1652,1707,38,1740,1617,1685,1730,1720,1748,42,1718,1712,43,40,1706,1753,1676,1661,1682,1672,1670,1711,1662,1671,1667,41,40,1669,1727,1708,1672,1764,42,1662,1716,1738,1738,1791,1721,1687,1658,1714,1725,1695,1733,1735
TR,0.02,0.8,1e-38,91738983.375538588,263632042.14841315,39498525.711671837,654533504.24370861,224529181.13475731,691436172.25270844,46372871.792916819,91155212.296605825,645941857.52888727,757295468.52879107,128282870.48634425,85353554.76508376,89274375.421704561,58680984.05511301,133060024.60919042,54849525.215711139,2158492388.4911232,104474363.61109951,87891632.615655333,233685068.93921211,108851956.99763863,109646533.86561213,6136748398.3400545,1552218399.034117,382382289.12065864,67911840.470354259,69846553.963735893,162386297.74302712,368611449.30001843,166647362.91990519,108661836.21241766,273752105.1326921,87430168.618825018,99231098.061954305,349317773.5864718,330138081.98155022,110640324.76328552,69938316.729716092,83012783.892544925,127814738.65192653,93445690.939719617,338549541.72317839,119426369.1031038,284506000.9673785,76305897.024149433,77405358.462324306,134445966.00707036,141610641.13902304,288987651.32809627,462435123.5264169
Ei,0.02,0.8,1e-38,600970.8737864078,587188.6120996441,633333.3333333334,597225.5729794934,600000.0,580257.762155829,610526.3157894737,568965.5172413794,612306.7408781694,587596.4391691395,572485.5491329479,575581.3953488372,566361.5560640732,609523.8095238095,576251.4551804424,578271.0280373832,583720.9302325582,660000.0,580422.03985932,564803.1945236737,590811.4558472554,596086.6947621915,588703.9239001189,592344.4976076555,592814.371257485,578784.3366452367,595788.2069795427,592639.1382405745,593941.2117576485,602439.0243902439,635000.0,593229.4787297783,573306.3115228721,579742.3887587822,592105.2631578947,561224.4897959183,614285.7142857143,595667.8700361011,577039.627039627,569850.4027617952,569735.3279631761,552931.3232830821,575305.0552004648,587018.3758150563,597225.5729794934,577712.9521586931,574318.8405797102,584247.7876106194,571436.8147720715,570662.8242074928
Tsafe,0.02,0.8,1e-40,1711,1649,1736,1675,42,1689,1700,1680,1718,1637,1679,1718,1659,44,1692,1703,1675,1648,1728,1742,1705,43,41,1657,1714,42,1705,1676,42,1732,1717,1605,1732,1748,40,1695,1630,1695,48,1729,1702,1762,1724,1700,1644,1728,1752,41,1692,46
TR,0.02,0.8,1e-40,226180524.02124679,123482375.57889278,183052810.7685087,911827072.27066982,109972825.00146452,205832967.19743446,193162694.21508828,129547353.90989909,209742962.22677064,1108498914.2430317,167355324.6109536,117680153.43317103,89789832.73685348,51306055.294296242,118252894.68071033,165380214.06374329,420784255.21253186,80084642.620375857,106285828.70688507,267731956.83670634,1293460899.4296355,119766086.27429478,96993967.539904892,140584448.72817785,59480153.163927153,37446965.015263036,133123744.03573774,171788590.85135669,55581961.207411572,232108455.99340588,109819669.73245251,213566920.4094843,53826557.744612649,145690885.87343845,322122310.9854998,292003969.41285652,125076160.83321127,337128834.08384341,68567481.107536629,142855021.32530081,76907776.6226421,127486959.28289138,153342680.74658781,204391867.41144574,1732011993.2467351,65017338.252693683,468934482.22009057,79919458.971724525,188684916.29649925,39296537.154282458
Ei,0.02,0.8,1e-40,578667.445938048,600424.4996967859,570506.9124423963,591104.4776119404,642857.1428571428,586323.2682060391,582588.2352941176,589404.7619047619,576367.8696158323,604825.901038485,589815.366289458,576251.4551804424,597287.5226039783,663636.3636363636,585224.5862884161,581503.2295948326,591104.4776119404,600970.8737864078,573148.1481481482,568312.2847301952,580703.8123167155,569767.4418604651,665853.6585365854,597525.6487628244,577712.9521586931,614285.7142857143,580821.1143695015,590811.4558472554,609523.8095238095,571709.0069284064,576761.7938264415,617009.3457943925,571824.480369515,566704.8054919909,600000.0,584247.7876106194,607607.3619631901,584247.7876106194,600000.0,572758.8201272412,581786.133960047,562088.535754824,574245.9396751741,582352.9411764706,602189.7810218978,573032.4074074074,565410.9589041095,641463.4146341464,585106.3829787234,643478.2608695652
Tsafe,0.02,0.8,1e-42,1728,1658,1717,48,46,1668,1678,54,1612,1761,1718,45,1737,1691,1736,1701,1686,1688,44,1679,1705,1702,1695,1668,1740,1738,1694,1667,1705,1722,45,1698,1718,1696,1659,1776,1646,1630,46,1786,1710,1742,45,45,1674,46,1680,1716,1718,1788
TR,0.02,0.8,1e-42,132710135.1316665,89382984.045488328,139936968.01672164,38983788.338877887,229265164.80276325,87412394.492229566,1349757790.4873042,74554334.983886138,247955712.36316228,99192826.87320368,127726746.07666263,67439330.401155367,525565114.50383937,158246400.15528378,70017060.515559822,215147134.67609769,1026159011.7909856,82329615.632940903,76245560.449921966,119375234.67720748,88004900.690007076,117199979.0291006,44370044877.884621,106455711.20417467,75049685.354535818,95362783.053370297,65735915.951751351,250281532.96424747,747416104.96873653,160053742.58271575,175506557.35000944,457585307.00484055,707789350.81575656,219022633.42556226,344455185.48944271,382943128.92415881,424693008.62472749,153099113.93521816,32347870.407213312,79984546.982463598,83999750.235419154,371702052.36864692,102741420.77525222,311888481.6518212,105574781.28792621,79857710.329338863,455119902.23550653,81765678.25133267,106625103.62877096,96058016.486554906
Ei,0.02,0.8,1e-42,573032.4074074074,597104.9457177322,576645.3115899825,583333.3333333334,613043.4782608695,593764.9880095923,590226.4600715137,566666.6666666666,614267.9900744417,562464.5088018172,576367.8696158323,655555.5555555555,570120.8981001728,585629.8048492017,570276.4976958525,582069.3709582598,587425.8600237248,586611.3744075829,595454.5454545454,589815.366289458,580703.8123167155,581903.642773208,584247.7876106194,593764.9880095923,568965.5172413794,569850.4027617952,584533.6481700118,594061.1877624475,580821.1143695015,575145.1800232287,615555.5555555555,583156.6548881036,576251.4551804424,584316.037735849,597046.4135021097,557657.6576576576,601458.0801944106,607361.9631901841,578260.8695652174,554311.3101903695,579181.2865497076,568541.9058553387,602222.2222222222,606666.6666666666,591517.3237753883,634782.6086956522,589404.7619047619,576923.0769230769,576251.4551804424,553803.1319910515
Tsafe,0.02,0.8,1e-44,49,49,1665,1738,1634,49,1695,1684,1666,46,48,1750,49,49,47,1724,1714,1692,1694,1703,1681,1658,1642,1680,1736,1736,1692,1629,45,1742,1722,1630,1746,1695,46,1753,45,1620,1725,1768,1706,1660,1746,1657,1678,1717,1706,1722,1736,1708
TR,0.02,0.8,1e-44,75305302.454010814,223842039.60128695,190223680.24719188,470572407.29771733,160695219.24296182,770142971.03721666,1352852946.7177179,253161029.205888,687873643.74346888,52311586.953400649,81006415.187406033,203872129.78074566,88735707.639992878,51184222.985778943,52770162.454217456,228044246.90483019,93325338.097370744,163742682.54691318,156534644.70674455,321834366.53364015,100586432.85593231,94458471.74076049,306538747.05825108,187015990.05465466,141055353.13220444,135285913.79348642,72033389.34236598,147529196.2894353,134077771.8063217,199241779.02741194,131415074.15246806,255402878.14882648,2813581660.7435489,564135957.59220243,320925129.11742008,93594262.367093459,100972120.18920223,221692525.36787277,149815349.18455684,126537656.97379208,225895216.22772691,111302468.94600113,69883112.877939105,332534276.37442565,591688312.59830713,172082294.01024523,101852234.35217039,108849863.12588015,160157337.40370464,474379424.76757383
Ei,0.02,0.8,1e-44,667346.9387755102,597959.1836734693,594774.7747747748,569620.2531645569,606119.9510403917,573469.387755102,584247.7876106194,587885.9857482185,594237.6950780312,634782.6086956522,616666.6666666666,565828.5714285715,593877.5510204082,585714.2857142857,610638.2978723404,574477.958236659,577712.9521586931,585342.7895981087,584887.839433294,581385.7897827363,588994.6460440215,597225.5729794934,603166.8696711328,589285.7142857143,570967.7419354839,570506.9124423963,585342.7895981087,608041.7434008594,593333.3333333334,568312.2847301952,575029.0360046457,607484.6625766872,567124.8568155784,584247.7876106194,639130.4347826086,564917.2846548774,606666.6666666666,611111.1111111111,574086.9565217391,560180.9954751132,580539.2731535756,596385.5421686746,567124.8568155784,597646.3488231744,590464.8390941597,576761.7938264415,580539.2731535756,574912.8919860628,570506.9124423963,579742.3887587822
Tsafe,0.02,0.8,1e-46,1719,1636,1708,47,1652,46,1676,1696,1638,54,1704,1717,1720,1748,50,1707,1743,1713,1706,51,53,1745,1695,49,1722,1712,1652,1629,45,52,1724,1642,1770,1713,1661,1690,1658,1660,1758,1688,1714,1722,48,1679,51,1714,1700,1712,49,55
TR,0.02,0.8,1e-46,92043429.900460646,204130912.40920308,200805056.74502748,47430809.604976028,121015337.81897835,118207286.33181334,1014477332.2970136,226826417.27550778,164567521.97788477,80394661.501830876,118375581.04643291,96264004.489405185,214203633.23269463,58969765.36065682,59972596.992393881,316653366.45946681,1101457666.3660643,61037812.511472866,98345114.57728754,123565500.58946598,47210458.735175312,70888756.147097826,157474452.84261721,60455755.162261024,102924494.98167235,92511046.25031966,91928794.213112175,74714287.142803863,61068060.180098653,42656949.844819196,188609493.31005701,1117502450.0788612,79666252.867544234,154553433.53050458,342174770.09067816,335718821.22511375,429356400.54179347,349574681.13123035,459505328.90904242,138050635.48657545,213637427.14715108,538454815.74540639,60757521.689487785,330599076.33679742,30577444.154176228,72540564.965243593,442219138.37465382,136920905.40612331,77107345.405545488,51469833.878240973
Ei,0.02,0.8,1e-46,576090.7504363002,605256.7237163815,579625.2927400469,589361.7021276596,599878.9346246973,665217.3913043478,590692.1241050119,583962.2641509434,604395.6043956043,607407.4074074074,580985.9154929577,576761.7938264415,576046.5116279069,566475.9725400457,584000.0,580140.597539543,568158.34767642,578225.335668418,580422.03985932,594117.6470588235,556603.7735849057,567736.3896848138,584247.7876106194,630612.2448979592,575145.1800232287,578271.0280373832,600363.1961259079,607796.1939840392,637777.7777777778,569230.7692307692,574245.9396751741,603166.8696711328,559322.033898305,577991.8272037362,596086.6947621915,586863.9053254438,597104.9457177322,596626.5060240964,563708.7599544937,586729.8578199052,577596.2660443407,575493.612078978,570833.3333333334,589696.2477665277,566666.6666666666,577712.9521586931,582352.9411764706,578387.8504672897,618367.3469387755,609090.9090909091
Tsafe,0.02,0.8,1e-48,52,1718,1679,1687,1702,1662,1688,1706,1585,1674,1730,1704,56,1694,1710,1722,1730,49,52,51,1625,1714,1673,1693,1699,1718,1669,1684,1702,54,52,1640,1758,1701,1694,1778,1656,49,1636,57,1725,1703,1716,53,1682,1710,50,1721,1679,1738
TR,0.02,0.8,1e-48,78726359.326685056,87920321.853300184,81660944.114212856,242112555.04405776,341984903.34427136,749611880.76993573,5372671656.8466234,376012936.0267756,777062342.31566834,179137146.87247568,98489829.932598457,66549091.628203362,80147625.11207889,95837654.645625755,131245455.08066407,145355237.18389216,1050316229.5642724,41456374.505320758,68012368.532905951,41708768.117862754,457225989.15098065,197003081.45847517,5232682968.6146755,119657670.70996439,88741324.243632182,160166559.21147615,205427577.91442126,63756112.937066093,151379653.53672767,113098540.75094785,334113288.75693285,618503311.94304299,106045616.13764989,123825030.0800934,95099721.28097254,101027548.73224089,108866003.67074856,158368846.65476239,72458806.542637497,44450325.105351225,224121324.80338016,181074660.57541996,122522283.70527005,40214549.181343421,98460720.352709174,4022242337.7093945,150318456.51101923,86159162.612260103,119905508.29435143,443789064.94167161
Ei,0.02,0.8,1e-48,580769.2307692308,576251.4551804424,589934.4848123883,587018.3758150563,581786.133960047,595667.8700361011,586492.8909952607,580773.7397420867,624921.1356466877,591995.221027479,572369.9421965318,580985.9154929577,657142.8571428572,584533.6481700118,579532.1637426901,574912.8919860628,572369.9421965318,606122.4489795918,615384.6153846154,605882.3529411765,609415.3846153846,577829.6382730455,591930.6634787807,585056.1134081512,582872.2778104767,576367.8696158323,593229.4787297783,587885.9857482185,581786.133960047,585185.1851851852,603846.1538461539,604024.3902439025,563367.4630261661,582069.3709582598,584415.5844155845,556805.3993250844,598309.1787439614,634693.8775510204,605256.7237163815,573684.2105263158,573971.0144927537,581385.7897827363,576923.0769230769,586792.4528301887,589179.548156956,579064.3274853801,616000.0,575421.2667054038,589815.366289458,569735.3279631761
Tsafe,0.02,0.8,1e-50,52,1668,1731,1722,1658,1703,1687,1728,1696,1682,1741,1727,1798,1670,1744,1683,1678,51,1730,1754,1623,1706,1693,1670,1723,1711,1683,1658,1735,1696,1720,1596,1718,1713,1701,27,1658,1632,1781,1759,1623,1743,1696,1694,1677,1710,51,1690,1697,1709
TR,0.02,0.8,1e-50,83214667.586478755,114398211.24488264,135279281.75102884,292135894.71546423,232591082.3484399,175994303.91655025,1349275486.3964441,2441374489.4915819,590360370.63867927,267741723.41711998,113737001.4235518,89529836.99812904,518506486.02945501,180176626.0712302,83483491.523347154,127156388.69939081,408808252.29187346,64433425.027851149,107755004.49605852,46725792.32396812,3727658699.6230583,125275070.00570984,44401313223.340935,123995183.48191394,111921965.17875271,74964609.157482445,70130968.689729497,114405959.71820645,173307834.3046709,112189990.41260712,130274292.76004577,615680995.66356397,249020727.73909646,581786699.94216084,52429851.480817288,94373572.324329659,183233671.60592359,103102660.41776076,171084410.49221453,171481893.2408143,125480592.73150605,158223297.61984339,106897536.02549672,205314737.81114545,139013996.38917214,103956978.57174125,53344047.04669904,282348038.91361398,304904276.84737343,106799491.408208
Ei,0.02,0.8,1e-50,657692.3076923077,593645.0839328538,572097.0537261699,574912.8919860628,597225.5729794934,581385.7897827363,587018.3758150563,573032.4074074074,583962.2641509434,588703.9239001189,568811.0281447445,573537.9270411117,550723.0255839822,593053.8922155688,568004.5871559633,588413.5472370767,590226.4600715137,613725.4901960784,572254.3352601156,564424.17331813,610043.1300061614,580656.5064478312,584819.8464264619,592814.371257485,574637.2605919907,578667.445938048,588413.5472370767,597225.5729794934,570778.097982709,583726.4150943396,575813.9534883721,620551.3784461153,576484.2840512224,577991.8272037362,582186.9488536156,581481.4814814815,597104.9457177322,607230.3921568628,555923.6384053902,562990.3354178511,610166.3585951941,568043.602983362,583844.3396226416,584651.7119244392,591115.0864639237,578947.3684210526,601960.7843137255,585917.1597633136,583559.2221567472,579461.6734932709
Tsafe,0.02,0.8,1e-52,1712,1675,35,1649,1702,1687,1722,60,1656,1718,1679,1756,58,31,1709,1708,1690,1692,62,1688,1684,1701,1643,1685,1732,1723,1709,1708,54,1735,1700,1628,1800,1652,1692,41,1667,1706,1658,1715,54,1678,1718,1698,53,1757,1736,1717,1699,1714
TR,0.02,0.8,1e-52,147070557.22734973,98707257.189155802,108942379.01577455,133562670.98862232,90176338.031386957,707924505.04926777,1383879720.7400768,68603216.497083947,718593149.78951991,1175906785.4557478,114826609.78429887,71049765.116448253,89507943.301344186,36316901.118659459,426998129.58554476,139609322.67027977,2128972587.2981772,100640099.06751962,48810805.160867915,69438157.56712994,1389698368.8919907,92867451.880483374,166602507.36288777,156637798.64240128,197252928.99579304,523806391.28255135,261409121.46467841,124616994.9810452,36471343.266060725,150772231.55919585,399747477.91502815,1052809578.9885529,61274081.8961806,686731329.35738695,138805789.53980327,51834244.623195313,82295993.164491817,151465245.61894315,88991666.863466144,120313363.80514726,87073150.708585769,383094153.26116556,130611649.55172177,300687632.68005705,57307495.896694347,90231668.737762183,152282460.97200125,76087509.532234982,75589352.924316227,482042263.35135412
Ei,0.02,0.8,1e-52,578504.6728971963,591104.4776119404,637142.8571428572,600424.4996967859,582138.66039953,586899.8221695317,574912.8919860628,613333.3333333334,597946.8599033817,576367.8696158323,589696.2477665277,563781.3211845102,603448.275862069,577419.3548387097,579461.6734932709,579859.4847775176,586153.8461538461,585224.5862884161,625806.4516129033,586729.8578199052,587885.9857482185,582186.9488536156,603104.077906269,587596.4391691395,571709.0069284064,574637.2605919907,579461.6734932709,579625.2927400469,611111.1111111111,570778.097982709,582470.5882352941,608722.3587223587,550222.2222222222,599394.6731234867,585106.3829787234,582926.8292682926,594781.0437912417,580539.2731535756,597346.2002412545,577434.4023323616,644444.4444444445,590226.4600715137,576484.2840512224,583392.2261484099,696226.4150943396,563745.0199203187,570276.4976958525,576645.3115899825,582754.5615067687,577712.9521586931
Tsafe,0.02,0.8,1e-54,1707,1699,1716,1640,57,1711,1698,57,1620,1748,1713,1662,1752,1740,1746,54,36,1728,1731,1718,1648,1657,1680,1712,1709,1690,57,58,1728,1740,1694,1698,58,1688,1672,40,1624,1571,1748,1772,1664,1693,1756,56,1672,1723,1700,1741,60,1762
TR,0.02,0.8,1e-54,85448781.496527627,188889844.74534777,144555147.71142459,971085916.55489051,173848699.04787931,805383243.74761248,366236313.98078477,158473129.23372999,148479003.47527122,272370085.43148512,177620355.70767221,79825306.038149253,431147424.36625451,125591547.25969042,128435313.68894321,235472891.62706402,63592173.030600958,84571653.256143257,66974986.147742234,35234907.716337919,144558417.61960235,141129304.89499903,184188615.30161908,176583121.33450061,616814414.17231345,116507602.98800783,92718568.094981536,76875917.034717843,562763004.87331629,227223134.18083745,164766722.58714804,1044526706.1548656,175845955.97362691,581901294.63554382,357266386.01956308,102890449.85112055,487062571.33563757,207942343.90116057,83454844.302732497,169172526.82599768,71115532.161673754,214599431.72949877,90260017.784803361,68756932.409577459,1821232498.6875041,81055756.317972675,547298865.12815702,213166825.96839479,121806614.92803705,555644028.95003366
Ei,0.02,0.8,1e-54,580023.4329232572,582754.5615067687,577039.627039627,603658.5365853659,594736.8421052631,578784.3366452367,583156.6548881036,580701.754385965,611604.938271605,566475.9725400457,578108.581436077,595788.2069795427,565296.803652968,569195.4022988506,567468.4994272623,577777.7777777778,616666.6666666666,573263.8888888889,572097.0537261699,576717.1129220023,600728.1553398059,597767.0488835245,589404.7619047619,578387.8504672897,579461.6734932709,585917.1597633136,643859.649122807,593103.448275862,573032.4074074074,569080.459770115,584415.5844155845,583274.4405182567,613793.1034482758,586611.3744075829,592224.8803827751,620000.0,609605.9113300493,630362.8262253342,566475.9725400457,558916.4785553047,595192.3076923077,585528.6473715298,564009.1116173121,585714.2857142857,592344.4976076555,574753.3372025536,582588.2352941176,568811.0281447445,590000.0,561861.5209988649
Tsafe,0.02,0.8,1e-56,42,1671,1728,1722,1684,1692,1682,1706,1716,1780,1711,1726,1751,1675,1677,60,1660,1674,1692,1754,56,1754,1677,1680,67,1704,1694,1685,1693,60,1690,1678,1763,61,57,1722,1714,1632,31,1782,1722,1756,1709,1710,1665,1663,1717,1701,59,1760
TR,0.02,0.8,1e-56,57860439.040182039,175296955.26652598,245695687.66259074,66169733.988291867,72691505.994198158,199042383.47731453,608658653.90497112,99696786.120367691,231929275.49703002,57894764.824179597,128970376.90733708,100054314.48625103,506950688.21333659,131648640.71007076,172479004.14980188,60029404.368102178,1567192433.1597831,1278821018.6703365,70398510.564614907,59412016.77267798,66130331.810943097,147714856.21026713,47887602966.87088,900500295.95532763,60334239.966599658,130042040.21390216,104224090.34903026,263792849.72020242,476008164.72492725,179295359.88483641,276795377.52200562,424383564.58435041,132525408.97487871,310954639.00671679,102627725.98620665,266543143.57654822,161972599.34782249,216227031.75914156,28708893.675256226,123612019.70138529,106082537.79242422,58046437.099793814,116791801.58550386,94822667.240480959,891344239.57215548,281957442.27021706,208839231.32534176,87438678.484767497,91705809.148375466,156523923.99404499
Ei,0.02,0.8,1e-56,585714.2857142857,592519.4494314782,572916.6666666666,575145.1800232287,588123.5154394299,585224.5862884161,588822.8299643282,580539.2731535756,576923.0769230769,556292.1348314607,578784.3366452367,573812.2827346466,565448.3152484294,591104.4776119404,590399.5229576625,596666.6666666666,596626.5060240964,591397.8494623656,585106.3829787234,564538.1984036488,639285.7142857143,564424.17331813,590399.5229576625,589285.7142857143,580597.0149253731,580985.9154929577,584533.6481700118,587596.4391691395,584937.9799173066,613333.3333333334,585798.8165680474,590107.2705601907,561712.9892229155,588524.5901639344,626315.7894736842,575145.1800232287,577829.6382730455,606985.2941176471,596774.1935483871,555780.0224466891,575145.1800232287,563895.2164009112,579461.6734932709,579064.3274853801,594654.6546546547,595369.8135898978,576761.7938264415,582069.3709582598,598305.0847457628,562727.2727272727
Tsafe,0.02,0.8,1e-58,1585,1677,1690,1667,1688,57,1662,1716,1708,63,1709,1679,1718,41,1714,59,1666,1712,1763,1757,1652,1646,1664,1681,1718,67,1720,59,1684,1744,1761,1663,1729,62,1680,34,1684,1613,1782,1652,1706,1721,1734,1728,1668,45,1696,38,1751,1733
TR,0.02,0.8,1e-58,246296403.62862006,239751651.46228945,123848045.62437981,92092883.4502417,214434035.3761768,931602861.21688521,110090538.9014889,53333366.464858986,222352769.56723633,81325370.429848582,100905215.00198801,87228687.385224879,655165746.24113679,83206341.906626299,182735657.29435486,75357641.640838891,2107639010.1218448,60397081.395476244,86517774.345413923,260740153.7446034,89349388.464163363,249699821.39977786,5203508983.2335281,1538596990.7503314,77864083.718043849,54423908.360355698,321973239.25260019,87756634.436476529,166011503.30153242,206769620.61397979,428367364.12370324,1129199804.8942876,995894893.91454089,381773811.16553766,131574434.97879182,271133945.94804513,494876478.72529846,115896539.54969893,88213337.71603559,187340091.33109528,92406515.272637948,251438167.86577824,108565397.17985962,848783188.18255687,162939401.24374688,32005401.796133358,237371269.85453171,37580723.954815246,613883947.20443714,523531753.41496557
Ei,0.02,0.8,1e-58,624794.952681388,590518.7835420393,585798.8165680474,593941.2117576485,586611.3744075829,675438.5964912281,595667.8700361011,576923.0769230769,579742.3887587822,617460.3174603175,579461.6734932709,589815.366289458,576367.8696158323,597560.9756097561,577712.9521586931,618644.0677966102,594237.6950780312,578504.6728971963,561599.5462280205,563745.0199203187,599515.7384987894,601701.0935601458,595312.5,589827.4836406901,576367.8696158323,589552.2388059702,575697.6744186047,611864.406779661,588004.7505938242,567660.5504587156,562350.936967632,595490.0781719784,572990.1677270099,577419.3548387097,589285.7142857143,605882.3529411765,588004.7505938242,613949.163050217,555667.7890011223,599515.7384987894,580773.7397420867,575305.0552004648,571164.9365628604,572916.6666666666,593645.0839328538,602222.2222222222,584433.962264151,594736.8421052631,565448.3152484294,571321.4079630699
Tsafe,0.02,0.8,1e-60,1690,1726,39,1662,1662,1651,1651,1678,1623,1740,1744,1731,36,1711,43,1722,1706,1666,1684,1754,1664,1731,1699,1685,1730,62,64,1718,1684,41,1745,1703,1763,66,1700,1777,1669,1638,29,1752,1675,1702,1736,1720,45,1748,1743,28,1720,1718
TR,0.02,0.8,1e-60,148041783.35071576,156327911.83329064,150370176.9124963,1335320633.0108695,155305157.17507511,707027577.44305182,686534861.28717542,88687601.808387637,321371919.758026,128638467.01714398,135005353.33803374,84297014.836175963,24773996.438518766,149352230.01711506,48114334.646765374,362148065.14051443,76844691.407129556,66119352.130997747,115163630.73286059,106493674.63081092,77958224.228220612,93110093.942695946,362662073.40473717,117594172.04887819,141006928.76012957,76579891.891755611,57689936.13102904,313719952.73891383,178818016.84749815,77885053.563619196,423743136.90872669,709487309.4116236,268255901.17346159,52834818.264800861,229233298.60844424,291899163.70035499,105189164.84239075,227562579.96588805,36228405.222807981,242317313.3501718,102275850.98320392,128611417.23991753,65253030.981244422,123899058.66299005,86438874.260325104,471588106.2214908,151240086.53804833,25765067.928798236,311755929.185911,152105651.65222734
Ei,0.02,0.8,1e-60,586035.5029585799,574159.9073001159,576923.0769230769,595908.5439229844,595667.8700361011,599818.2919442762,599818.2919442762,590226.4600715137,610043.1300061614,569425.2873563218,567775.2293577981,571981.5135759676,616666.6666666666,578784.3366452367,579069.7674418605,575145.1800232287,580422.03985932,594237.6950780312,588123.5154394299,564538.1984036488,595072.1153846154,571981.5135759676,582754.5615067687,587596.4391691395,572254.3352601156,603225.8064516129,628125.0,576367.8696158323,588123.5154394299,626829.268292683,567736.3896848138,581738.1092190252,561712.9892229155,596969.696969697,582352.9411764706,557287.5633089477,593349.3109646495,604517.7045177046,562068.9655172414,565296.803652968,591104.4776119404,581903.642773208,570506.9124423963,575697.6744186047,682222.2222222222,566361.5560640732,568043.602983362,607142.8571428572,575581.3953488372,576484.2840512224
Tsafe,0.02,0.8,1e-62,35,1651,1715,1679,1712,1708,1680,1773,1670,1743,1745,1704,1679,35,32,1715,1758,1703,63,1734,1690,67,62,1723,70,1732,39,1694,1672,1748,1741,1722,1700,1674,1702,1671,1694,1627,1754,1713,39,1761,1690,1651,43,1726,1702,1676,1755,1736
TR,0.02,0.8,1e-62,79604534.336956859,154095379.10328394,136122721.65966973,152140788.55888349,118605477.54344621,122099007.25814144,99860668.023162767,56757811.16462262,388180100.55792868,201296812.67785117,79750097.782299668,59553656.980716452,103557039.23272265,111212332.46949062,34968417.000043079,205767278.42904809,2325475083.807579,230150477.06859666,59955665.235081822,232462120.49840522,100489403.71293606,82030262.386460304,98050767.674399376,80662910.373880461,81244648.513639376,136013861.67840868,131058659.1959962,168932534.48072094,109905216.79217745,147221821.03634998,74138754.493260056,953807756.36486495,4209362119.5594816,169076851.67800164,84230996.901236817,301062810.45922309,121717110.15432103,221740909.94043466,124063344.04270746,83701515.500786617,39661955.506217383,108820601.02063055,94187603.76878038,1776704034.4474273,41677002.066020682,74232637.007039666,169926074.59532014,113430741.63576117,122063781.18578082,853441059.58047068
Ei,0.02,0.8,1e-62,631428.5714285715,599818.2919442762,577317.7842565598,589815.366289458,578387.8504672897,579859.4847775176,589285.7142857143,558544.8392554992,594371.25748503,568043.602983362,567507.1633237823,581103.2863849765,589934.4848123883,654285.7142857143,625000.0,577434.4023323616,563481.228668942,581385.7897827363,576190.4761904762,571049.5963091119,586272.1893491125,586567.1641791045,577419.3548387097,574753.3372025536,574285.7142857143,571824.480369515,648717.9487179487,584651.7119244392,592583.7320574162,566475.9725400457,568696.1516369903,575029.0360046457,582352.9411764706,591397.8494623656,581903.642773208,592998.2046678636,584651.7119244392,608543.3312845728,564652.2234891676,577991.8272037362,658974.358974359,562237.3651334469,586035.5029585799,599697.1532404603,606976.7441860465,573812.2827346466,581668.625146886,590811.4558472554,564387.4643874643,570391.7050691245
Tsafe,0.02,0.8,1e-64,1732,1655,34,1677,1684,1721,1648,1765,1654,34,1696,1681,44,1672,1745,1698,41,1681,1756,1749,1754,1702,1690,1708,1656,1712,1724,1666,1669,1710,1708,1652,1745,47,1705,31,1644,1651,1730,1712,1758,37,1676,1751,34,1643,1692,1696,1718,1714
TR,0.02,0.8,1e-64,179076636.63494593,94569159.872814953,30009683.702074151,1242699336.1576769,188749618.38541797,100537900.00443566,1641173616.8623774,101585103.59320538,391895755.84636134,45899043.343692407,108266435.76190461,116990456.64843024,44535354.811176501,162379772.73782894,62185652.859700881,180905087.50054079,1014410923.0854019,267665950.03579596,48945000.402571112,122445057.81096894,157146613.6566183,247703177.89606279,10753484546.825344,166026359.13292831,91926915.083555058,101306915.63474892,101075261.86893994,180621604.66348651,64856370.698700242,216419419.99391568,136954017.54798156,1118411298.8761241,997252211.11147726,196361482.73267657,251582817.10762137,270441103.86166966,365012764.09019667,308258666.61685103,122897736.13713337,77120329.301740125,167490229.41738546,75044065.221193582,77051885.292703375,107543609.97518229,72971876.668245599,4207895302.3398733,191280786.68479303,133162954.84144807,178273658.11388853,788685311.97909272
Ei,0.02,0.8,1e-64,571824.480369515,598731.1178247734,588235.2941176471,590518.7835420393,588123.5154394299,575421.2667054038,600849.5145631068,561303.1161473087,598548.9721886336,641176.4705882353,584316.037735849,589470.5532421177,568181.8181818182,592224.8803827751,567507.1633237823,583156.6548881036,636585.3658536585,589113.6228435455,564009.1116173121,566323.6134934248,564766.2485746865,581786.133960047,586035.5029585799,579859.4847775176,597826.0869565217,578738.3177570093,574245.9396751741,594237.6950780312,593349.3109646495,579415.2046783626,579625.2927400469,599515.7384987894,567507.1633237823,670212.7659574468,580821.1143695015,629032.2580645161,602676.399026764,599697.1532404603,572369.9421965318,578504.6728971963,563481.228668942,608108.1081081082,590811.4558472554,565448.3152484294,623529.4117647059,602982.3493609251,585579.1962174941,584198.1132075472,576251.4551804424,577829.6382730455
