Tsafe,0.0,0.8,1e-32,35,35,34,34,32,35,35,35,33,34,35,34,37,36,38,34,34,32,34,35,37,35,33,34,35,35,34,34,33,35,33,32,36,36,35,34,34,34,37,36,35,35,34,34,34,36,34,33,34,36
TR,0.0,0.8,1e-32,14000635.627874136,14000635.627874136,13600617.467077732,13600617.467077732,12800581.145484924,14000635.627874136,14000635.627874136,14000635.627874136,13200599.306281328,13600617.467077732,14000635.627874136,13600617.467077732,14800671.949466944,14400653.78867054,15200690.110263348,13600617.467077732,13600617.467077732,12800581.145484924,13600617.467077732,14000635.627874136,14800671.949466944,14000635.627874136,13200599.306281328,13600617.467077732,14000635.627874136,14000635.627874136,13600617.467077732,13600617.467077732,13200599.306281328,14000635.627874136,13200599.306281328,12800581.145484924,14400653.78867054,14400653.78867054,14000635.627874136,13600617.467077732,13600617.467077732,13600617.467077732,14800671.949466944,14400653.78867054,14000635.627874136,14000635.627874136,13600617.467077732,13600617.467077732,13600617.467077732,14400653.78867054,13600617.467077732,13200599.306281328,13600617.467077732,14400653.78867054
Ei,0.0,0.8,1e-32,500000.0,500000.0,500000.0,500000.0,500000.0,500000.0,500000.0,500000.0,500000.0,500000.0,500000.0,500000.0,500000.0,500000.0,500000.0,500000.0,500000.0,500000.0,500000.0,500000.0,500000.0,500000.0,500000.0,500000.0,500000.0,500000.0,500000.0,500000.0,500000.0,500000.0,500000.0,500000.0,500000.0,500000.0,500000.0,500000.0,500000.0,500000.0,500000.0,500000.0,500000.0,500000.0,500000.0,500000.0,500000.0,500000.0,500000.0,500000.0,500000.0,500000.0
Tsafe,0.01,0.8,1e-32,1841,34,33,34,1798,1852,1820,34,1786,35,1849,34,35,1848,34,1809,1818,1837,1868,38,35,35,33,1826,35,1854,1819,33,1812,35,35,32,1839,36,34,1832,1798,1830,1856,1826,34,37,1814,1824,33,1836,1832,1800,34,1840
TR,0.01,0.8,1e-32,125410074.45287311,57439955.160550028,21797395.87887767,22558558.380868204,124976499.85336407,128330527.01651914,1349428968.6395841,50091801.735602722,321337275.43801701,51090337.400637314,64773576.62085548,51046054.861188233,493995709.90730721,153269051.75622499,19544896.064891413,122342710.8265596,83984290.583246514,61000111.166334011,116553784.76720746,33543959.928983308,26454780.577041484,66394777.112608075,29599652.494595304,1486622155.1626949,48274396.374466732,139513275.60043135,105263465.69537964,18568291.678827953,60638377.355424225,29042137.506303541,32494316.923247129,49363815.799922042,1092033074.9072354,29958178.70735199,345806528.87517214,301046727.48390526,295868269.17480206,144945107.84144101,119417488.19138813,108066386.53929324,194131846.19343036,23435749.454326812,99494791.065383062,305555524.06907052,1626269379.1777322,57249735.293850712,207228351.66849849,658040722.99151373,84944925.813202262,408538540.06653678
Ei,0.01,0.8,1e-32,537914.1770776751,552941.1764705882,554545.4545454546,570588.2352941176,550723.0255839822,534665.2267818574,544175.8241758242,552941.1764705882,554423.2922732363,602857.1428571428,535478.6371011358,570588.2352941176,568571.4285714285,535822.5108225108,552941.1764705882,547429.5190713101,544554.4554455446,539085.4654327708,530085.6531049251,573684.2105263158,568571.4285714285,568571.4285714285,590909.0909090909,542168.6746987952,568571.4285714285,534196.3322545846,544310.0604727872,590909.0909090909,546357.6158940397,534285.7142857143,534285.7142857143,556250.0,538390.4295812942,550000.0,635294.1176470588,540611.3537117904,550611.7908787542,541092.8961748633,533620.6896551724,542387.7327491785,582352.9411764706,564864.8648648649,545975.7442116869,542982.4561403509,590909.0909090909,539433.5511982571,540611.3537117904,550000.0,552941.1764705882,538043.4782608695
Tsafe,0.02,0.8,1e-32,1757,1607,1710,1680,34,1644,1665,34,1649,35,35,1669,1672,1748,1742,32,1711,33,1725,35,1685,1699,33,1673,1765,1748,1664,1624,1666,35,1693,1658,1765,1794,1711,1731,33,1698,1739,1732,35,1757,1695,1657,1659,34,34,1723,1694,35
TR,0.02,0.8,1e-32,150662985.83029485,42807055.857446566,91173891.570803225,950750296.56559026,59892497.490353554,79142847.644745871,65456439.36119476,36218460.984441996,313802014.13353533,66652181.899344593,72071624.087222874,97822829.643873394,533031663.05135393,83852141.166038156,61142402.53129106,97636725.229402885,282953142.33636874,48540640.718365677,88535924.47419408,54589257.801260367,537897096.60388923,81423601.129203439,73036279.210099384,1526187998.4830418,98984801.365581825,86991964.154265478,202738921.64780557,177759659.07560191,308195813.68806511,50060682.017840862,146891243.8928571,1092285981.9181058,4239799574.0571442,66448775.945339106,93421361.461825758,297269249.0517031,57863085.940653168,55723073.516721614,98578740.823729798,84145090.844262138,51777259.97526589,122914942.91208361,111809214.47355911,212793730.95747742,610521698.99089563,45433104.457803652,75587592.164180353,293045703.54284912,112135670.77465172,33419125.945377298
Ei,0.02,0.8,1e-32,563631.1895276039,616241.4436838831,578947.3684210526,589523.8095238095,629411.7647058824,602433.0900243309,594654.6546546547,588235.2941176471,600667.0709520922,568571.4285714285,568571.4285714285,593349.3109646495,592224.8803827751,566590.3890160182,568541.9058553387,643750.0,578784.3366452367,590909.0909090909,574434.7826086957,620000.0,587596.4391691395,582872.2778104767,663636.3636363636,592050.2092050209,561189.8016997167,566590.3890160182,595192.3076923077,609975.3694581281,594477.7911164466,671428.5714285715,584819.8464264619,597225.5729794934,561076.4872521247,551950.9476031215,578667.445938048,572097.0537261699,627272.7272727273,583156.6548881036,569350.2012650949,571824.480369515,597142.8571428572,563631.1895276039,584247.7876106194,597525.6487628244,596805.3044002411,605882.3529411765,735294.1176470588,574637.2605919907,585005.9031877214,585714.2857142857
Tsafe,0.03,0.8,1e-32,34,1488,1590,1589,1557,1521,1538,1544,1426,1546,1644,1569,1658,1555,1642,1534,1526,1565,1582,1615,1591,1584,1477,1580,1646,33,1584,1517,1514,1584,33,32,1629,34,1563,1639,36,1520,1572,36,1584,1620,1580,1557,1566,33,33,1609,1545,1658
TR,0.03,0.8,1e-32,78388413.898210108,55107237.727046117,100927979.77147444,1050266223.493588,109426334.00228395,568960072.67257953,282144209.25810575,142275545.34696493,215659732.13316277,1132037301.7962604,88905475.760267004,94016561.983041093,84381288.134088755,138337533.23319,63628549.243148722,281495694.21507883,90726224.128986865,79318709.063884035,149360715.34653586,154144226.76862201,140154013.42072242,337183566.36147898,129194722.89288428,1502707298.021353,166600437.52646989,40763147.709831685,175220605.31638974,407594778.84608543,494667034.33534765,111321631.18870564,55664735.282697059,382597734.05151469,1001091696.8828679,45285105.023633197,330425737.03681684,193604298.3851752,46407929.888144605,64050376.681322969,176721805.49541637,141880090.01929218,263457536.95016813,44731912.11818365,204366532.55258411,301073923.85705662,81942243.392156005,29205490.943678424,206897967.30743077,58133085.890632823,136990387.76931491,61070320.256932475
Ei,0.03,0.8,1e-32,694117.6470588235,665591.3978494623,623144.6540880504,623096.2869729389,636030.8285163776,650953.3201840894,643823.1469440833,641191.7098445595,694810.6591865357,640491.5912031048,602311.4355231144,631038.8782664117,597225.5729794934,636848.8745980707,603166.8696711328,646023.4680573663,648754.9148099606,632651.7571884984,625916.5613147914,613312.693498452,622313.0106851037,625252.5252525252,670345.2945159107,626582.2784810127,601458.0801944106,603030.303030303,625252.5252525252,652801.5820698747,654161.1624834874,625252.5252525252,663636.3636363636,712500.0,607918.9686924494,652941.1764705882,633589.2514395394,604820.0122025625,683333.3333333334,651578.947368421,629898.2188295166,650000.0,625252.5252525252,611358.024691358,626835.4430379746,635902.3763648041,632439.3358876117,645454.5454545454,693939.3939393939,615351.1497824736,640970.8737864078,597346.2002412545
Tsafe,0.04,0.8,1e-32,1456,1391,1508,1428,1388,1523,32,1472,1363,1561,1536,1393,1494,1414,34,1480,1522,33,1587,1587,1433,1495,1406,1472,1583,1531,1478,34,1413,1573,1516,1482,1548,1515,1430,1545,1340,1416,1547,1538,1472,1533,1499,1407,1385,1467,1448,1470,1466,1487
TR,0.04,0.8,1e-32,119552497.55727093,79403998.716724023,254065776.89955574,963628463.78931582,186792635.72287026,141945582.69590774,455836290.67929995,51354946.899813995,576677998.34710538,1191129058.0701168,116248008.86483112,127922087.69449148,130789229.09375416,150318809.29167035,48360512.293960676,193336251.08922249,77558460.475295514,44781471.981332943,100667052.36990063,302298906.60431397,194385230.62942407,138503839.0719445,310210772.67627245,1532594754.269392,142870089.15172169,604792875.59300816,77065971.374088123,51518451.775799848,217622908.44756418,38851996785.548164,479658921.77008802,572955451.59122837,1028879983.356666,120016353.11291192,94782704.321857244,124420386.73260382,99828629.710645124,150185628.60026205,208660484.84521618,169855214.44814879,95253231.134931207,61354544.16686666,143034167.07262087,928899370.63245237,150935160.33187103,211821509.15994224,195552057.22333789,535579895.26846337,115392247.8410468,549516091.45915568
Ei,0.04,0.8,1e-32,680219.7802197802,712221.4234363767,656498.6737400531,693557.4229691877,713256.4841498559,650361.1293499671,843750.0,672554.3478260869,726559.0608950844,634272.9019859064,644661.4583333334,712060.3015075377,662650.6024096386,700424.3281471004,758823.5294117647,669324.3243243244,650459.9211563732,730303.0303030303,624007.5614366729,624007.5614366729,690928.1228192603,662274.2474916388,704409.6728307254,672554.3478260869,625837.0183196462,646832.1358589157,669824.0866035182,858823.5294117647,700707.7140835102,629434.2021614749,653298.1530343008,668286.0998650473,639664.0826873385,653531.3531353135,692587.4125874126,640970.8737864078,738955.223880597,699152.5423728813,640012.9282482223,643953.1859557867,672690.2173913043,645857.7951728636,660507.0046697798,703837.9530916844,715018.0505415163,675051.1247443763,683977.9005524862,673741.4965986394,675579.8090040928,665837.2562205783
Tsafe,0.05,0.8,1e-32,1439,1273,1391,1317,1290,1359,1430,1385,1128,1370,1429,1363,36,1339,1494,1348,1336,1249,1453,1436,1402,1395,1233,1372,34,1377,1329,1298,1299,1396,1373,1316,1540,1374,1321,1477,1349,1359,1520,1408,1372,1482,1420,1328,1359,35,1458,1352,1348,1427
TR,0.05,0.8,1e-32,180312775.378481,83262912.889093995,129831984.44127436,135834360.06524226,251709919.76913047,128668975.99898447,95816838.869246706,101858249.70936754,246488459.78734249,99537257.672568843,143166862.15252647,83250162.793767214,523177235.00360984,130553920.83531755,83446585.125802383,80294925.884727418,178646975.92307365,80728593.810809359,85812015.099920362,538836345.68334746,149881217.89316776,229428457.49733847,2777336695.4551601,1557847013.9626148,280319768.94928992,703143186.98415482,247285742.75438347,247936641.40890822,179409365.64910844,38809517458.399109,288727269.93955505,1007186745.4048543,4432298452.2386913,132104653.78042397,377781332.01006758,94893365.426715314,105026469.17793158,93774123.184625655,160648638.71547455,159978177.36149532,126866324.95784394,160069986.11988497,179164548.41583091,340309363.04040974,77809416.66845493,62090900.880560003,101228686.68539281,347951793.26754016,132890057.14339627,532210122.56656361
Ei,0.05,0.8,1e-32,688186.2404447533,777926.1586802828,711933.8605319913,751784.358390281,767751.9379844961,728550.4047093451,692587.4125874126,715306.8592057761,878191.4893617021,722627.7372262774,692862.1413575928,726559.0608950844,666666.6666666666,739432.4122479463,662918.3400267737,734718.1008902077,741467.0658682635,792874.2994395517,681555.4026152787,689693.5933147633,706134.0941512126,709892.4731182796,803325.2230332522,721574.3440233236,811764.7058823529,719172.1132897603,746049.6613995485,763482.280431433,762355.6581986144,709742.1203438395,721412.9643117262,752583.5866261398,643116.8831168831,721251.8195050947,750113.5503406511,670345.2945159107,734988.880652335,729433.4069168506,651578.947368421,703267.0454545454,722303.2069970845,668016.1943319838,697464.7887323943,746234.9397590362,728550.4047093451,842857.1428571428,679149.5198902606,732692.3076923077,734569.7329376854,693833.216538192
Tsafe,0.06,0.8,1e-32,1370,1254,1280,1260,1262,1294,1258,1296,1079,1294,1302,1259,1311,1323,1419,1272,1320,1226,1451,1314,1138,1300,1288,1264,1279,1342,1417,1222,1192,1380,1302,1104,1329,37,32,1457,1197,1347,1302,1296,1272,1363,1316,1272,1248,1437,1297,1340,1300,1442
TR,0.06,0.8,1e-32,191406736.86140057,109816678.46514191,180114494.56060731,86646428.133799762,274928710.8726812,123556970.66992472,401855640.05362469,113687481.1912154,784878325.96498001,1172392567.5671144,184595145.8379252,149272331.10002369,510726594.08221149,232965345.52812389,108589591.65940841,251403992.9625119,1135982029.7652378,387546696.58641386,152273919.14290938,153364542.75791767,179121495.68789363,84246462.850684583,169111734.30285886,1557332792.2085934,178088261.64831421,74131066.83486028,60809082.500604853,426472512.55468452,60376017.486876972,140733623.70113933,105665611.02521607,398649490.66964048,7214047321.696909,61068569.148148641,360493961.18415082,313690862.20863366,97825335.990644202,118595924.08025594,1671222866.7116399,229844950.03822249,134359863.14672309,227138270.25684911,167165974.80699068,319854303.06230199,1904061153.3893991,64772886.674730174,314887077.13289994,83010058.717253238,383134098.69520599,485653497.41219306
Ei,0.06,0.8,1e-32,722919.7080291971,789633.1738437002,773593.75,785873.0158730159,784469.0966719493,766460.5873261206,787440.3815580286,764197.5308641975,917608.8971269694,765378.6707882534,760829.4930875576,786417.791898332,755377.5743707094,748374.9055177626,697885.8350951375,779088.0503144654,750000.0,807504.0783034258,682494.8311509304,753729.0715372907,871528.9982425307,761846.1538461539,768788.8198757764,783386.0759493671,774745.8952306489,738599.1058122206,699858.8567395906,810310.9656301145,831040.2684563758,717391.304347826,760829.4930875576,896920.2898550725,745598.1941309255,900000.0,906250.0,679547.0144131777,827318.2957393484,735634.7438752784,760522.2734254992,764043.2098765433,779088.0503144654,726412.3257520176,752583.5866261398,778616.3522012578,793589.7435897436,689004.8712595685,763377.0239013107,738955.223880597,761692.3076923077,687239.9445214979
Tsafe,0.07,0.8,1e-32,1198,1178,1182,1164,1146,1212,1151,1240,962,1131,1293,1267,1354,1166,1261,1262,1278,1158,1289,1296,1228,1188,1140,1171,1237,1224,1201,1097,1216,1400,1260,1155,1415,1193,1139,1316,1024,1210,1153,1300,1257,1215,1290,1108,1126,1188,1206,1196,1199,1294
TR,0.07,0.8,1e-32,214194779.74617708,115708358.29011077,256985984.24805552,106021616.77909641,80244289.926256418,116000895.65313585,133789930.99033223,182653401.81579584,214346948.85336199,1479958137.6568232,182983789.59478384,210801863.26496306,423896467.60671276,244173436.76273459,118127249.56664321,244345806.20356843,311743202.77866369,169649202.31984034,97713981.634655729,169194658.437148,156931327.51572737,170867646.58088949,1389168220.0127165,1530849170.0417478,81884219.676922664,193652281.12959337,190512723.63747242,61669591.629056737,139587425.93104291,139666673.64137149,259878807.93192682,957105103.96427739,1014133926.8569151,136594480.34232631,358328689.28470016,321330481.0387941,77676948.845055237,237755788.99664122,227257914.58566344,116693939.30002657,114892843.70440108,672462642.08400977,146928089.66772273,250555883.621618,1686181357.9731457,135464623.54063302,567713224.02930462,252603904.80094311,183798831.5076963,129261192.3949137
Ei,0.07,0.8,1e-32,826377.2954924875,841086.5874363327,837732.6565143825,850515.4639175257,863874.3455497383,817326.7326732674,860382.2762814943,798387.0967741936,1029937.6299376299,876657.824933687,765738.592420727,782083.6621941595,731610.0443131463,849228.1303602058,785329.1038858049,785578.4469096672,774647.8873239437,855267.7029360967,768114.8176881303,764969.1358024691,806677.5244299674,836195.2861952862,868947.3684210526,845516.6524338173,800889.2481810832,808823.5294117647,824562.8642797669,902734.7310847767,814309.2105263158,707142.8571428572,786349.2063492064,857229.4372294372,699717.3144876325,830092.204526404,870324.846356453,753191.4893617021,967382.8125,818181.8181818182,859410.2341717259,762000.0,787669.0533015116,815061.7283950617,767906.976744186,894404.3321299639,880106.5719360568,833838.3838383838,820895.5223880596,827926.4214046822,826271.8932443704,765842.3493044822
Tsafe,0.08,0.8,1e-32,35,1128,34,1077,993,1128,1075,1108,877,1277,1202,1198,1156,1079,1149,34,1158,1040,1152,1094,1132,1081,1108,1082,1167,1258,1134,1020,1031,1132,1177,1095,1233,1096,1027,1184,986,1133,1024,1201,1242,1248,1197,1110,1111,1040,1206,1157,1172,1163
TR,0.08,0.8,1e-32,128162229.52783045,89508592.84694621,81862468.531554982,1439058185.0756576,490233460.05734766,785103530.2302134,439342081.0624088,243788808.61136863,309469529.37729692,185393591.20267889,138528844.62017915,82535915.777757078,90014724.058376163,151003386.341176,185963926.46955767,82656381.496633738,189855761.25112936,100767705.17750418,99880848.947159588,369290651.08097011,302668024.83458364,190843621.95968533,25717456883.139874,1641808538.4255366,164924885.09573352,118671166.30347709,289894550.52516043,82291933.217321634,220255267.34750608,247646181.85050011,75459836.609740481,807357487.86082923,2888037739.9973598,116458685.55022104,369629813.94719422,331797676.73283023,187219525.56494167,112931267.19009447,129567225.30822778,213624369.41679087,93085301.756721839,673991839.36350667,191465779.90661293,361831135.93027008,403023558.3039425,199661904.64378399,289001149.68930882,174921908.125577,156798537.13753125,555694922.8867923
Ei,0.08,0.8,1e-32,928571.4285714285,877836.8794326241,841176.4705882353,920984.2154131847,997885.1963746224,877659.5744680851,922511.6279069767,893501.8050541516,1129190.4218928164,775332.8112764291,823627.2878535774,827212.020033389,857266.4359861591,917979.6107506951,862053.9599651871,923529.4117647059,855440.4145077721,953846.1538461539,859375.0,905484.4606946984,874734.9823321555,917576.3182238668,894223.8267148015,914972.2735674677,848586.118251928,787281.399046105,873015.873015873,970980.3921568628,962075.6547041707,874558.3038869258,842735.7689039932,904383.5616438356,804298.4590429846,903284.6715328468,964849.0749756573,836655.4054054054,1004462.4746450305,874933.8040600177,966992.1875,825562.0316402997,798228.6634460548,793589.7435897436,827151.2113617377,891891.8918918918,891539.1539153915,952115.3846153846,821227.1973466004,855920.4840103716,845051.1945392492,851504.7291487532
Tsafe,0.09,0.8,1e-32,1069,1030,1041,1006,931,1049,1152,1044,905,1114,1139,1082,1050,1086,1148,1139,1059,966,1152,1117,1282,1093,1039,1066,1085,1166,1113,931,953,1072,1093,1015,1118,1118,1188,1210,917,1098,981,1175,1133,1176,1086,1021,35,1168,1172,1164,34,1193
TR,0.09,0.8,1e-32,250265723.93569222,75844899.43405214,196842666.38841143,706239457.58093119,350632024.20673084,144072082.27366233,101386389.14286245,108881253.85579149,1068381327.2151027,1158360328.5588686,159907424.35392863,144889826.6277613,678629072.07293212,186036804.24355578,117149036.37154363,186053158.58100399,2235129030.84935,84821528.470795721,98719871.110701323,68349852.835141361,103076508.26299359,86042605.639835909,104372918.72926164,1612119245.4550803,129256757.38072485,206590132.23579326,259132918.08155298,416283002.12862819,529904067.3918274,227059742.91383123,192986286.30677626,239668572.95376471,7228541365.9144144,352828800.92470288,408414461.42032212,589612241.49941289,390943978.27780271,131763058.19958562,1689312711.5383651,139223125.11718687,291074993.93526608,271380535.60058701,238180566.94166818,314843762.61542231,77715088.989663541,154223701.07628378,288907403.51183814,83577699.040599033,113594023.99438804,539764648.62108159
Ei,0.09,0.8,1e-32,926192.7034611787,961553.3980582524,951681.0758885687,984493.041749503,1063480.1288936627,946139.180171592,860069.4444444445,948467.4329501915,1094033.1491712707,889228.0071813285,870500.4389815627,915896.4879852126,943238.0952380953,911970.5340699815,862369.3379790941,870851.6242317823,935505.1935788479,1025051.7598343685,859375.0,888540.7341092211,772386.895475819,906587.3741994511,954282.9643888355,929080.6754221389,912718.8940092166,849399.6569468267,889577.7178796047,1064124.597207304,1038929.6956977964,923507.4626865672,905855.4437328454,977635.4679802955,885867.6207513417,885867.6207513417,834175.0841750841,818181.8181818182,1080806.9792802618,904189.4353369763,1009887.869520897,844000.0,874051.1915269197,842006.8027210884,912338.8581952117,969735.5533790402,837142.8571428572,848801.3698630137,844709.8976109215,850687.2852233677,1035294.1176470588,830092.204526404
Tsafe,0.1,0.8,1e-32,938,1026,982,930,993,992,999,952,876,1034,1025,891,1081,1004,1122,1031,1108,1040,961,1044,1044,1060,978,984,1201,1101,1148,884,958,1084,1050,909,1183,1189,982,1128,838,937,1104,991,896,942,1065,936,953,990,1059,1069,1012,1108
TR,0.1,0.8,1e-32,310689132.76551771,226959711.83824539,257362063.86577779,959517692.38765132,313606854.51309544,113410784.45051903,484265003.84557402,261567471.96857819,722186077.3109324,1428585471.3523986,107023001.38459665,143824073.61002016,144885896.24044222,161045105.709093,109701768.53042635,327860333.55720431,516728880.66771019,119250754.86518565,96972231.910903826,372516822.22562158,216071478.5626902,168496405.75372991,26958899966.498695,1698478635.4638085,130885294.18374908,125424193.50782664,64260963.397820562,106787514.80221038,376263104.41848874,199471236.94502503,129096248.5097816,596179400.77560949,85701311.044614136,225404478.7189514,398091363.41176307,368019673.90055662,408748156.89884973,231724593.53552687,87370261.001272023,154745697.12874705,162260600.35504043,244762727.46556541,195733362.27188513,355737360.56530684,211084057.52664176,140410816.17259592,283413835.7352649,98043399.060188904,186583604.43401477,473017091.83877069
Ei,0.1,0.8,1e-32,1055650.3198294244,965302.1442495127,1008553.9714867617,1064516.1290322582,997885.1963746224,997983.8709677419,992292.2922922923,1040546.218487395,1130136.98630137,958607.3500967118,967317.0731707317,1111896.7452300785,919796.4847363553,987051.7928286853,883244.2067736186,960523.7633365664,894223.8267148015,952115.3846153846,1031321.540062435,949233.7164750958,948275.8620689656,933962.2641509434,1014314.9284253579,1007520.325203252,824562.8642797669,900726.6121707539,863414.6341463415,1120361.9909502263,1034655.5323590814,914760.147601476,944000.0,1090319.0319031903,839306.8469991547,832884.7771236333,1008553.9714867617,877659.5744680851,1182338.9021479713,1057524.0128068302,897101.4492753623,999091.8264379415,1105357.142857143,1051804.6709129512,930046.9483568075,1058333.3333333333,1038929.6956977964,1000202.0202020202,934938.6213408876,926379.7942001871,978458.4980237155,893501.8050541516
Tsafe,0.11,0.8,1e-32,705,863,999,881,905,1066,933,880,774,920,959,936,1135,936,1021,945,974,909,1014,920,978,908,827,922,1007,969,1073,882,895,998,962,793,1131,1015,887,1044,844,811,937,1059,847,1121,1004,926,890,1010,1038,1051,927,1014
TR,0.11,0.8,1e-32,105750500.43136483,114383911.31536058,271141785.65540004,163425161.31432819,175583194.13040352,653928780.8200407,111806739.07863185,129055713.64677602,423697441.65308094,1237624991.6413581,231171039.47867003,137959261.20644319,696978223.02151418,234630035.74760348,121024665.5798052,240871397.44753131,1336658050.3859646,125169645.72218506,193884496.7413651,418512475.38556999,230778564.18002832,229271420.0514985,206450440.3548542,1578849675.7756617,186874389.37727296,190822536.30480877,93883202.778225243,216680347.54111302,630170088.57777643,197646330.09947687,196789065.46230963,213879893.93261176,2853578528.1941752,78535978.584042519,399342341.22083342,144628642.95665494,83972877.220013201,131737729.98494387,716306202.43050337,142266983.23441866,157977473.4925673,200275797.66397235,205111792.15914804,373384991.81015795,1660061981.1182806,121410894.0320292,174223814.13010398,356606962.39787465,127728248.2833457,478688500.90102863
Ei,0.11,0.8,1e-32,1406099.290780142,1147276.9409038238,991091.091091091,1124744.608399546,1094917.1270718232,928893.0581613509,1061200.4287245446,1125227.2727272727,1279844.96124031,1076304.347826087,1033055.2659019813,1058760.6837606838,873920.704845815,1058760.6837606838,970127.3261508325,1047724.8677248678,1017248.4599589322,1090099.0099009902,976725.8382642998,1076086.956521739,1012883.4355828221,1091189.4273127753,1197460.7013301088,1074186.5509761388,985004.9652432969,1023013.4158926728,925722.273998136,1123582.7664399093,1107374.3016759777,992384.7695390781,1029106.0291060291,1248802.0176544767,875596.8169761273,975467.9802955665,1118263.8105975196,948659.0038314176,1173459.7156398103,1227990.1356350186,1057097.1184631803,935694.0509915014,1168949.2325855962,883229.2595896521,987051.7928286853,1069330.4535637149,1112584.2696629213,981188.1188118812,953757.225433526,942055.1855375833,1068500.539374326,976725.8382642998
Tsafe,0.12,0.8,1e-32,880,787,896,802,921,886,901,977,782,867,905,955,927,751,991,1014,981,940,1064,880,811,887,824,896,990,830,885,743,838,985,1055,707,1032,909,1005,1104,871,949,926,908,933,1056,849,865,841,825,933,870,857,1098
TR,0.12,0.8,1e-32,233890427.27849036,110132772.90934572,261894126.90278396,689831606.78593993,236312731.33572513,1537927021.6260388,236669809.2213158,148293750.13233677,216700713.14233282,1136099616.7015824,238071292.43004155,123654608.04968292,589138975.2163533,130537510.0694848,146813583.70511129,465768986.27522051,315412103.3904205,120625063.84960794,84278578.599398345,151873276.400222,185054819.12348324,237343260.5777615,548389234.44055092,183071461.30672643,112962598.18863954,335711813.78628987,225213620.77959743,287040452.75674272,412371947.81279665,195307388.25081336,82889206.061614126,802851917.48630285,82381043.45891428,658873664.97230756,405527865.4835344,328649746.2616443,138823831.35396969,128032636.44487798,710339780.41305983,258811196.26803738,254784903.31476039,75696615.922323912,175641101.14200655,396861693.78717077,157759339.48907626,102673870.59892075,279217750.49559462,376190319.67342108,156901551.89186436,141983849.76559323
Ei,0.12,0.8,1e-32,1129090.9090909092,1259085.1334180431,1105357.142857143,1234663.3416458853,1075678.6102062976,1117832.9571106094,1098890.1220865704,1015046.0593654043,1270332.4808184144,1142906.5743944636,1095138.1215469614,1038638.7434554974,1068500.539374326,1318375.499334221,999899.091826438,976528.5996055227,1009276.2487257901,1054680.8510638298,931954.8872180451,1125909.0909090908,1220838.4710234278,1116234.4983089063,1201456.3106796117,1105580.357142857,1000404.0404040404,1194457.8313253012,1119661.0169491526,1336069.9865410498,1182100.2386634846,1005177.6649746193,938672.9857819906,1401555.8698727016,960658.9147286821,1091859.185918592,985174.1293532338,898369.5652173914,1137657.864523536,1045205.4794520548,1073218.142548596,1091189.4273127753,1063129.6891747052,937500.0,1166195.5241460542,1145317.9190751445,1177526.7538644471,1200606.0606060605,1061414.7909967846,1145977.0114942528,1155542.5904317386,903460.8378870673
Tsafe,0.13,0.8,1e-32,928,923,939,788,835,938,843,874,720,762,882,923,865,961,946,880,783,911,824,1024,845,893,710,874,1020,910,784,680,738,918,948,870,1062,859,806,1022,696,794,902,842,805,805,828,867,858,786,969,856,933,906
TR,0.13,0.8,1e-32,238252902.99196121,103478433.47977689,126910748.56969586,138646181.14444995,125090643.98002258,248913250.59364086,5299909559.8190966,150236373.04283682,1206951304.446229,1208532137.4026933,154325527.25387856,151366594.90533653,633702422.05056572,179246453.85063794,172102924.43124631,245625794.90383723,173963238.41463685,211653205.85396028,141658615.18633163,136853532.08476746,101061191.02414936,164576933.7450254,43611183209.372818,1638059855.0834119,121639430.22277942,605783922.86194444,165533595.74119085,76952913.588868946,645203021.06943429,323220947.26283282,192285084.08513391,843981834.8415302,121439362.96682361,649978384.0483104,378068958.2327823,353582170.38575149,119163389.78499505,374796211.22082824,298441137.21850526,172582796.92758182,349617587.04779917,120508136.98086585,221786845.61660153,302851229.39088303,512288275.30298615,116486302.96741667,261077663.68082204,323151965.74762166,200706824.22595835,599826778.73128188
Ei,0.13,0.8,1e-32,1066810.3448275863,1073997.8331527626,1055271.5654952077,1256345.1776649747,1185748.502994012,1055863.539445629,1175207.5919335706,1133409.6109839818,1377222.2222222222,1299737.532808399,1124263.038548753,1073564.4637053087,1145780.3468208092,1031113.4235171697,1047568.710359408,1125227.2727272727,1265517.2413793104,1088583.9736553237,1203883.495145631,966992.1875,1171715.9763313609,1109630.4591265398,1397183.0985915493,1133638.4439359268,971176.4705882353,1088791.2087912087,1264030.612244898,1455882.3529411764,1343631.436314363,1079084.9673202615,1045358.6497890295,1138160.91954023,932956.6854990583,1152852.1536670546,1229032.2580645161,969471.6242661448,1422988.5057471264,1247607.0528967255,1098004.4345898004,1176009.5011876484,1229937.8881987578,1233416.149068323,1196859.9033816424,1142214.5328719723,1156177.1561771561,1259541.9847328244,1023013.4158926728,1160280.3738317757,1063129.6891747052,1092935.9823399559
Tsafe,0.14,0.8,1e-32,806,946,863,800,769,804,783,747,623,951,874,788,996,833,816,867,730,846,859,968,668,836,672,760,1028,932,793,670,777,898,875,673,1014,970,721,945,719,837,821,969,833,934,802,853,757,725,958,956,884,865
TR,0.14,0.8,1e-32,195645280.85849658,118087883.59632726,177517947.81900898,974433238.65535522,332790860.57924807,198355494.44594181,336550225.54563326,102802849.38116536,270747636.15512341,1142064240.6360807,259681648.32787225,177912309.827308,222244262.04878461,297065950.57462198,150753239.05766547,110545628.02569148,1161996206.3568568,101668223.23290455,114131048.09444979,231208256.64388809,222752828.74734667,167113736.15832388,224231902.58247334,1557662804.5241146,167294594.92384103,157781913.66649377,173005422.94049054,125586686.45509151,204127378.04469728,187341445.19918445,203241974.82092586,875078684.16939676,160198959.83880547,160326915.68212688,564814524.63607109,610461904.48871326,273456058.73345226,148905383.87059098,681267122.95129478,170075895.28451005,117879605.27017631,256924249.47951812,167567490.02352515,664718976.6099261,177341195.57899672,134669806.70495269,326987460.82258719,348737403.80631477,202878779.46209678,210983424.72953555
Ei,0.14,0.8,1e-32,1228784.1191066997,1047145.8773784356,1147972.1900347625,1240250.0,1291157.3472041613,1233582.0895522388,1265517.2413793104,1326773.7617135209,1591492.7768860352,1041114.6161934806,1132723.1121281465,1256598.9847715737,994176.7068273092,1189795.918367347,1216911.7647058824,1141983.8523644751,1357260.2739726028,1173522.4586288417,1153084.9825378347,1022933.8842975206,1483532.9341317366,1185645.933014354,1474107.142857143,1306052.6315789474,963035.0194552529,1062231.7596566523,1248802.0176544767,1482089.552238806,1278120.9781209782,1102672.6057906458,1132000.0,1474739.970282318,976725.8382642998,1021649.4845360825,1373786.4077669904,1051111.111111111,1379276.7732962447,1183870.9677419355,1206211.9366626067,1021981.4241486068,1190996.3985594239,1059957.1734475375,1235660.8478802992,1162602.5791324736,1308190.2245706737,1365655.1724137932,1033611.6910229645,1035774.0585774059,1123755.6561085973,1146473.9884393064
Tsafe,0.15,0.8,1e-32,848,702,734,707,619,741,719,743,549,920,867,886,728,818,826,764,745,763,844,973,692,796,675,765,908,800,761,665,676,981,867,665,769,844,691,943,634,601,891,873,825,911,828,681,690,730,883,818,811,951
TR,0.15,0.8,1e-32,354328845.88263243,204168423.61661133,205178537.87179804,673214474.95014596,278755026.77250183,241110015.69375128,1382711587.2147493,163105694.56359449,1178206226.6239729,1223078284.7766147,168038675.58411747,196841214.68093225,88622772.797047019,293154673.79344463,134043830.95761549,331479987.93805718,1706895930.7134092,121896009.80695292,126240460.40725043,270156283.90386248,189321672.69286406,182981979.56954944,690072959.41383612,1641926141.0617199,218499659.2989991,109924427.13795917,80303210.941263542,98720740.823142886,286912007.48488289,179211255.24125755,620123105.97232962,896539447.83209026,1951625609.5836756,125646279.13546996,411034412.57512945,572613935.57728243,394542792.60309774,94452784.084201202,175936257.78128803,176598203.49998209,119405765.03345223,292135253.93551946,175418657.6098496,2027384258.6985369,351494283.82585919,231259800.82178363,113758200.97656044,770982557.53571379,151727440.12608582,524317179.18279648
Ei,0.15,0.8,1e-32,1168632.075471698,1411396.0113960113,1351226.158038147,1402970.297029703,1602746.365105008,1336977.0580296896,1378442.280945758,1333647.3755047107,1809289.6174863388,1077173.9130434783,1142675.8938869666,1117832.9571106094,1360714.2857142857,1211980.4400977995,1199031.4769975787,1297382.1989528795,1329530.201342282,1298427.260812582,1173933.6492890995,1019218.9105858171,1430635.838150289,1244472.3618090453,1468000.0,1295032.679738562,1090969.1629955948,1238000.0,1303942.1813403417,1494887.2180451127,1466272.1893491123,1009276.2487257901,1142214.5328719723,1490075.1879699249,1289076.7230169051,1174170.616113744,1434876.989869754,1051643.690349947,1561829.6529968453,1648752.0798668885,1111896.7452300785,1137113.4020618557,1200121.2121212122,1087925.3567508233,1195652.1739130435,1456534.5080763584,1439130.4347826086,1357260.2739726028,1121970.5549263873,1212713.9364303178,1222071.5166461158,1043007.3606729758
Tsafe,0.16,0.8,1e-32,832,659,790,707,749,749,696,707,651,731,788,832,910,681,899,767,757,768,719,921,779,680,614,727,948,814,710,684,686,782,809,555,964,844,677,842,586,732,849,829,860,982,831,706,698,752,792,819,707,930
TR,0.16,0.8,1e-32,319052787.23120046,169979370.66673034,140942616.3143079,189379779.38812831,141193240.24225333,172410591.98482901,127510026.74245687,300753177.64264929,917672044.36877894,1236537095.2035797,181407607.81128249,177101238.90752447,593548807.29632413,258202935.37452367,110942193.78966199,319414458.08962542,173179064.51754034,129962289.74666786,141760270.36971402,111242285.32782219,161475867.96199709,136242079.82366136,314036278.80173206,1648366086.561626,185215837.97206953,607384055.60815668,250004635.14112625,302205240.90695643,547293148.70491683,230023575.03550252,142583972.26626107,837943159.45627725,2304154028.9116182,90964337.236612812,402848770.79621905,145803016.36510164,220272176.14189503,130054015.71812767,308134165.68874979,193208686.84586126,110152305.74688928,154277757.0091753,235207391.40716085,207634084.56305817,183947330.96918964,143786551.72771576,278496549.06022388,95118037.035451889,141003056.7099587,552411646.96156287
Ei,0.16,0.8,1e-32,1189903.8461538462,1503641.8816388468,1258734.17721519,1401555.8698727016,1322963.9519359146,1321895.8611481977,1423850.5747126436,1406364.9222065064,1520890.9370199693,1357729.1381668947,1256598.9847715737,1195192.3076923077,1088131.868131868,1455359.765051395,1101557.2858731924,1294784.8761408085,1308718.6261558784,1289843.75,1377329.6244784424,1075027.1444082519,1271245.1861360718,1458235.294117647,1612377.8501628665,1362998.6244841816,1045358.6497890295,1217199.017199017,1397183.0985915493,1448538.0116959065,1444023.3236151603,1265984.6547314578,1224103.8318912238,1786486.4864864864,1028215.7676348548,1177962.0853080568,1462776.9571639586,1176247.0308788598,1691808.8737201365,1356010.9289617487,1167491.1660777386,1197949.3365500604,1152325.5813953488,1008350.3054989816,1191696.750902527,1404249.2917847026,1420916.905444126,1316755.319148936,1250000.0,1208913.308913309,1401272.9844413013,1064516.1290322582
Tsafe,0.17,0.8,1e-32,736,692,714,603,642,688,783,779,649,790,642,716,718,654,767,759,683,650,674,765,828,712,647,700,669,813,810,548,698,728,731,590,794,730,751,799,655,577,780,670,866,811,700,680,660,759,806,677,692,700
TR,0.17,0.8,1e-32,330488144.55476141,122135937.00672995,199804976.93626896,138771855.02132446,208922461.17622653,142627421.10817084,128613309.90502231,218829933.51418471,299973733.38209015,1556460464.821702,365580540.97894508,152795679.55748981,440148879.35127902,228212132.73473901,170355391.35185325,287886652.85449898,2373830513.8802834,176034449.73945421,174094131.32981884,77791689.879839927,243879219.82887191,179928470.17477798,359251514.35907304,1730743577.270891,944105189.30497575,516886675.25869834,207099907.81922588,442729344.30167961,131534641.98845987,294409641.09701753,243277962.29073572,1109439263.0700078,7240905402.9278584,192865157.96153647,410611542.06929803,341425236.13925809,121671440.59496368,191581611.77154431,269309757.2083652,391297738.95014459,113476022.26159678,163011951.04745215,319202801.04979092,358725561.79812121,205057140.6293968,183043466.96819928,291408693.26454455,217733132.86133033,156175950.1264748,622238546.59502792
Ei,0.17,0.8,1e-32,1345108.6956521738,1430924.8554913295,1391036.4145658263,1644610.2819237148,1544236.7601246105,1439534.8837209302,1266283.5249042145,1271758.6649550707,1525885.9784283512,1253417.7215189873,1543302.1806853584,1383519.5530726258,1379108.635097493,1514067.2782874617,1291134.289439374,1305006.5876152832,1449633.9677891654,1526153.8461538462,1471216.6172106825,1294509.8039215687,1197826.0869565217,1390730.3370786516,1531221.0200927358,1415142.857142857,1482361.7339312406,1217835.1783517834,1225432.0987654321,1807299.2700729927,1421203.4383954154,1361263.7362637362,1354993.1600547195,1678644.06779661,1248110.831234257,1357260.2739726028,1318375.499334221,1240175.2190237797,1512213.7404580154,1716984.4020797226,1275000.0,1479701.4925373134,1145496.5357967666,1220838.4710234278,1415714.2857142857,1456764.705882353,1500000.0,1311067.1936758894,1230769.2307692308,1462776.9571639586,1431791.9075144508,1414571.4285714286
Tsafe,0.18,0.8,1e-32,720,626,608,669,715,621,624,624,566,763,735,669,730,723,732,646,823,693,711,649,705,684,576,635,809,690,594,629,566,783,751,613,818,820,660,758,560,623,580,676,739,817,639,639,557,601,788,689,628,818
TR,0.18,0.8,1e-32,296909538.18502074,314255531.31173664,204207564.82852378,264204273.29318503,289664438.05333924,730389899.68634629,5129051781.1551294,197489637.58340496,1450173679.9194043,1267175177.6817212,199202309.16534048,180245670.11331856,329143715.90884113,208060460.7146692,149211350.55262101,330146612.44404405,1178747174.2725642,97191779.056490809,157983195.14974922,283098393.09967893,242752076.66427761,214666210.50709608,5446984360.5872631,1741436173.7311444,169275415.28231975,120766408.4881561,287444721.70417655,205228886.30427155,330917061.37970507,258795740.02059281,258849434.00689945,533240190.20298231,2254813195.7681427,233956318.52065894,410730466.52257603,148062574.42082092,166169582.79365933,158038664.68846774,229800097.635288,196352905.97490364,451599624.44662893,128398751.34755373,225808957.41413867,531659493.88993573,135145740.37255171,223726091.50168872,263474306.02834111,105305797.74535422,178472177.914516,593627646.28480923
Ei,0.18,0.8,1e-32,1375000.0,1581469.6485623003,1633223.6842105263,1484155.4559043348,1385034.965034965,1596618.3574879228,1589423.076923077,1587500.0,1752296.8197879859,1298165.1376146788,1348435.3741496599,1480269.058295964,1357260.2739726028,1375103.734439834,1352459.0163934426,1532507.7399380805,1204981.77399757,1429292.9292929294,1401406.4697609001,1525885.9784283512,1405248.2269503546,1447953.216374269,1721180.5555555555,1560472.4409448819,1224103.8318912238,1434782.608695652,1667676.7676767677,1575039.745627981,1749469.964664311,1264367.816091954,1319440.7456724367,1615823.8172920065,1210268.9486552568,1209268.2926829269,1503333.3333333333,1306596.3060686016,1769642.857142857,1592776.886035313,1710000.0,1465384.6153846155,1343031.1231393775,1212607.0991432068,1549765.2582159624,1550078.2472613459,1778994.6140035908,1648752.0798668885,1257106.5989847716,1437590.7111756168,1581528.6624203823,1212469.4376528116
Tsafe,0.19,0.8,1e-32,460,555,667,634,541,617,582,690,395,695,676,621,649,619,702,549,582,653,659,668,605,664,598,637,682,723,660,594,559,717,708,636,646,688,594,753,547,593,546,768,700,778,604,553,604,612,738,711,668,766
TR,0.19,0.8,1e-32,187522821.91992673,95015741.441251844,357959058.33456606,1417841208.4477971,320104484.01374543,238537237.84039846,334661842.35297716,352605322.69666964,575514078.47645605,1258632859.9315851,194322916.33873099,158697469.72170821,611503763.89311373,241438951.20325968,130678689.40780351,289717353.72322083,1443820472.5899374,230454344.75861475,135077011.02327627,482714901.23360544,1580505938.4845514,154259569.15317276,38204406522.866142,1687690710.0432413,144648885.13173851,226351510.29006857,206866398.21587041,404968210.19999266,330260210.35794228,187290947.5321165,418321509.62567759,431780202.48726505,112404007.92543216,175051319.02232534,393393692.89748925,579763542.02853978,174695849.20750731,398157260.57054603,251665211.57508087,195249175.23393181,172355942.80413666,120242410.3730375,220826237.15044308,371987773.74475908,1645426555.1303027,273955793.31269413,275282839.33686727,401936370.83770525,171320425.44162926,467515523.18755454
Ei,0.19,0.8,1e-32,2153478.2608695654,1787207.207207207,1485607.196401799,1561829.6529968453,1837523.1053604437,1611831.4424635333,1701030.9278350514,1437101.4492753623,2513670.8860759493,1426330.9352517985,1465976.3313609466,1594685.9903381641,1528351.3097072418,1610823.9095315025,1410826.210826211,1804189.4353369763,1702405.498281787,1516539.0505359878,1505311.0773899849,1484131.736526946,1638512.3966942148,1492771.0843373493,1655518.3946488295,1558712.715855573,1452199.4134897362,1371645.9197786998,1500303.0303030303,1667003.367003367,1771198.5688729875,1384797.7684797768,1398870.0564971752,1557232.7044025157,1533126.93498452,1440697.6744186047,1669696.9696969697,1316998.6719787517,1810786.1060329068,1674704.8903878583,1814652.0146520147,1293489.5833333333,1414571.4285714286,1274035.9897172237,1640066.225165563,1791862.567811935,1643377.4834437086,1617647.0588235294,1342276.4227642277,1393389.5921237692,1483832.3353293412,1292428.1984334204
Tsafe,0.2,0.8,1e-32,617,577,675,710,544,559,576,598,518,734,601,690,680,575,666,688,521,509,662,797,497,621,499,597,682,660,666,502,579,638,651,578,654,506,636,727,540,571,647,749,655,730,647,552,570,554,675,595,627,798
TR,0.2,0.8,1e-32,330655014.79090387,122621724.22999917,235702859.90046138,116307872.89486122,256311028.87909299,238846862.90806782,345256412.93394971,243626913.19265053,832099583.08855212,1175923775.8597472,279416266.91109759,187673130.09302282,677555488.73833013,189384931.78824338,195405737.27584988,550122599.55273938,254694993.72747427,167692738.32811809,128510052.37362595,207733356.39651614,219214566.93672642,202994208.4870899,677709273.7255249,1609082874.7721939,121488774.22107488,613020653.1708287,108466980.4705707,141665737.01410896,362514119.49505097,345562981.77159011,91158152.46514523,357462575.29976428,139569540.18376413,699997501.68700123,438163339.42951727,353003268.08648646,147183751.38604224,244923398.62582067,332678737.36647397,261897464.32276073,110462838.71630722,162678544.8119635,216890713.22188699,386257775.30722696,2131353130.2724819,149942265.05414379,384099984.52669847,1081034051.9376225,242137242.429232,90327445.01734741
Ei,0.2,0.8,1e-32,1611021.0696920583,1715944.540727903,1467407.4074074074,1395492.957746479,1826102.9411764706,1771556.350626118,1721875.0,1662541.8060200668,1920849.4208494208,1350953.6784741145,1648419.3011647256,1435362.3188405796,1457941.1764705882,1722782.608695652,1490990.990990991,1439825.5813953488,1901535.5086372362,1947544.2043222005,1503927.49244713,1244291.0915934755,1993762.5754527163,1597906.6022544284,1992184.368737475,1658793.9698492463,1453958.944281525,1500000.0,1487087.087087087,1974900.3984063745,1711053.5405872194,1552351.0971786834,1523655.9139784947,1715916.955017301,1514067.2782874617,1959683.794466403,1558805.031446541,1369738.651994498,1835925.9259259258,1735376.5323992996,1530139.1035548686,1326435.2469959946,1511908.3969465648,1356438.3561643835,1530911.9010819166,1793478.2608695652,1742456.1403508773,1787725.631768953,1469481.4814814816,1664369.7478991596,1581977.6714513556,1240852.1303258145
