1000,1000,1000000000.0,50
0,30.742901083716912,-152.16804518604798,611,934,615,618,722,183
1,174.28086599581917,-164.1534538905851,673,682,908,204,714
2,415.71099789012067,125.97300844773362,129,67,582,769,40,681,876,719,648,179,949,280,828,817
3,156.38384177263208,26.71927930441298,177,194,475,21,465
4,-204.75216691265507,-397.17516614412176,834,340,624,83,180,312,52,346
5,-491.6650455091445,-423.80075658633467,736,683,262,287
6,-257.14220596456204,137.87049766266912,460,956,428,493,921
7,-479.6124585627233,280.6401139464841,105,946,964,308,181
8,119.08557287181299,-46.874410008055925,416,448,898,486,459,529,914,981,438,475,156,286,479
9,-390.50287170840414,55.43239880948525,768,932,390,583,265,74,427,209,86,585,540
10,396.75674190604184,187.4729649818858,384,67,366,591,302,150,632,122
11,-118.37793853554624,143.8263751129325,900,421,806,712,745,750,948,694,151,153,698,955,29,182
12,178.6548124952937,176.0602935234018,928,993,555,878,174,437,430,189
13,-401.309383658217,-66.1847852691061,697,842,59,60
14,245.56120246248514,-1.4839085364191096,355,131,406,345,922,958,639
15,-466.45781785100405,-253.334370294366,693,782,717
16,279.340416296039,-125.38203544170878,999,73,113,790,553,283
17,-116.26925331681393,52.91111928953618,296,812,461,117,854,23,476
18,326.64245420810346,-82.4417941649579,616,106,907,402,627,375
19,457.63815340803313,202.762764070042,67,758,364,302,591,483,662,632,509,963
20,-343.26508620723905,-413.40066163597635,512,866,37,614,137,746,940,687,219
21,169.9849271237551,-4.852876880695134,3,529,639,459,465,475,479
22,-48.00032703233026,10.383118337234375,66
23,-74.94806619078409,69.64475501779144,66,625,296,812,17,854,249,316
24,334.89744104760376,-168.49990381629289,859,370,910,973,113,146,339,278,89,283,638
25,-376.7994804296606,380.2506844046978,976,98,487,422,359,171,162,975,496,276,990,642,216,538,478
26,238.3318813336255,362.69262107014475,986,237,935
27,484.0691402881726,98.45647177894345,129,40,681,747,719,648,828
28,368.71550666868137,434.2714558753338,740,329,526,917,919,121,508,95
29,-139.23084412556608,179.0792669381469,806,11,750,182,153,698,863
30,-326.0624939550836,163.74527069180266,738,484,715,559,305,58,378,446
31,-196.56076448781644,-89.5741878973837,776,201,803,132,942
32,-196.57796809803574,-286.4228774695149,801,612,517,232,236,595,54,601,735
33,-86.28045732088042,362.36699805829807,752,680,138,567,48,663,923
34,417.3914159261781,355.9819132294507,576,913,936,490,967,369,883,469,187,829
35,369.17017293451124,-261.2437267647663,994,163,678,909,331,690,239,178,403,344,474,411,126
36,-175.7025617851179,-234.43523547967848,257,610,612,455,232,231,431,176,545,603
37,-371.13884842216373,-449.84132870067316,866,297,274,20,343,376,894
38,322.73152998506947,366.64696168390486,491,711,874,203,80,503,121,187
39,-40.34035594156937,-46.39277414584975,778,434,304,562,149,471,445
40,438.88494038400336,93.11928103100198,129,2,582,769,648,681,747,876,719,817,179,949,27,828
41,-460.2791779606814,326.7997801208723,354,964,198,105,946,784,530,308,56,571
42,-160.13248658195812,283.85752006235475,807,77,184,723,120,539
43,-302.9729385894477,-121.38490239409106,360,202,558,957,892,797
44,123.9400844780999,433.12306358853556,896,385,109,793,410,924,62
45,229.60666801273166,441.6693225767603,449,737,524,684,270,658,974,987,637
46,490.34922649769186,-331.78254628491453,347,124,805,631
47,286.7417398716765,-472.43408093284444,226,870,780,688,850,767
48,-76.73431001393594,368.46094215164794,33,680,138,567,752,663,923
49,82.99058010706017,-277.3397923452487,400,499,532,317
50,-22.59665745992645,427.8695946302302,152,779,108,725,63
51,-123.46181633775821,235.73338564112433,168,184,298,944
52,-191.04920260490843,-420.06618058419065,834,4,620,624,83,346
53,333.51745110326516,31.482773718640722,705,580,433,391,145,882,820,766,574
54,-147.4852868156079,-281.04722256131254,32,770,612,232,748,651,236,621,943,328,595,735
55,347.48215818819307,-320.50884799050425,581,331,239,178,414,344,411,925,126,597
56,-429.5621580486608,309.19035329689547,784,41,354,429,105
57,-497.88068418424456,-170.9381572269466,417,190,158,271
58,-337.43197992743256,187.5221327880039,738,169,305,30,378,446,159
59,-356.0729599003942,-56.686741033846076,613,60,13,495,841,751,604,541
60,-393.0304228225481,-62.470725487025256,613,841,13,697,59,541
61,232.34677598389254,-145.01688387489497,553,999,204,790,783
62,127.30585681079899,397.83417620123686,647,875,44,793,410,349
63,-26.09045446734559,402.5617099717738,50,663,108,725,567
64,-32.31165336031205,-326.56369993249245,588,205,79,728,852,600,282
65,-202.5683496352082,493.6030896379399,930,93,757,191,381,991
66,-58.773829989387075,47.207755919120295,296,812,625,22,23,249,316
67,432.1258569438385,170.57520010569692,129,2,963,10,302,591,632,19,280
68,205.6181003312727,-456.74436480084955,965,652,467,531,245,87,634,762,862
69,333.6713179074721,177.17988624203684,384,358,808,366,592,818,982,122
70,-345.1355198192613,-233.57515512831006,549,424,912,243,792,415
71,-63.582184808058884,128.5541525642484,421,230,712,745,151,625,307,694,249,153,698,316,733,606
72,-310.5153039302036,79.12798447659264,704,513,962,484,741,561,74,363,460,559,209,115,630,727,217,979
73,262.88292168745085,-79.46379793587599,578,553,106,16,627,922
74,-345.77170020173776,50.52594984892744,768,960,962,427,390,583,72,9,363,727,209,115,265,585
75,-482.80068498895247,-51.97136377850764,641,387,573,707,135
76,-251.6594421320396,275.2929705911509,560,904,659,269,877
77,-203.63303768736796,296.34495736308844,259,807,42,413,560,723,213,823,120,426
78,392.6176050548268,-116.99613366772377,804,370,973,306,246,644,638
79,-24.680696686049664,-299.2016733500148,64,588,205,911,852,600,282,443
80,355.03133822925037,345.16969700679203,833,491,196,38,199,203,596,503,121,187
81,424.5884787770803,-283.99181668524477,178,411,126,631
82,-53.42315202048287,-145.7275424748753,192,100,412,618,824,722,761,348,729,188
83,-230.2318726810344,-409.04014830954037,4,844,52,312,340,346,506
84,476.7020732682261,-231.82693594615378,800,102,263,754,564,342,695,351
85,81.99527812424456,174.54533739226073,954,141,845,157
86,-422.8640235320049,73.80448583535204,932,9,427,368,265,505,540,543
87,192.57332910473656,-453.6765093532623,68,652,467,531,245,634,762,862
88,-135.21478674033372,-171.167724263508,192,545,835,548,231,455,431,176,273,661,822,279
89,329.3943051305298,-178.5693149783113,859,910,113,146,339,278,24,283
90,79.82238384607743,-451.49593431560186,838,104,489,622,432,699,350
91,281.0060169351791,428.9379258782188,919,987,405,983,637
92,-5.913915378563894,-205.752863679179,832,100,388,998,848,425,139,815,272,729
93,-163.0882636849914,484.4926650874762,65,930,991,401
94,132.3502681068729,-474.09250010801827,970,432,350,920,762,699,862
95,409.5869221453796,421.70248136295794,740,802,967,28,913
96,-468.58821304805065,21.241481308015064,641,547,932,353,172,675,856,505,540
97,77.56008745965116,96.9010206908143,456,148
98,-388.236589680409,373.8900337248845,976,162,487,966,422,359,171,642,975,496,276,990,216,25,538,571,478
99,-131.9708818524097,-51.584720302018106,785,186,565,357,501
100,-46.256567806538975,-177.06474585051458,412,618,722,92,82,660,761,824,729,188
101,-411.0535707419368,157.2677312370493,515,868,457,879,114,628,315,543
102,460.3163073699326,-191.32873148484552,800,263,488,695,173,754,84,342,311,795,351
103,408.36912465980566,-371.62519861132836,656,452,869,617,334,175,528,777,324,510
104,50.94389526789056,-479.86914279768587,838,839,489,267,140,432,90,350
105,-450.9956954334481,314.0178314318612,354,964,7,41,429,784,308,56
106,290.54287818726766,-66.1287636216339,578,73,907,18,627,375
107,-263.8706211859283,-163.4039992153613,367,731,558,207
108,-40.88210892080502,416.61484655951165,439,663,50,725,567,63
109,87.18615061568691,457.17811732715296,864,385,44,793,410,924
110,-160.84189265965543,360.1502556459568,649,426,251,890,823
111,-465.93830712606575,-336.2645947429154,706,294,584,717,333,407,826
112,-210.09518353838297,-21.114230713426217,320,451,744,336,803,851,668
113,299.0185155850801,-164.73425716756827,999,783,16,339,278,24,89,283
114,-445.71343826255026,155.7307705719324,899,101,557,472,628,408,315,543
115,-305.505452734685,50.10471438075814,704,513,962,72,74,209,979,630,727,217,380,458
116,372.5665813398219,297.51778415158515,833,196,325,199,463,596,696
117,-143.34222388283658,84.27798000394182,227,900,461,17,948,476,669
118,49.66747353427914,380.0216552487288,786,813,420,349,533
119,423.9160987093936,244.57290808090747,696,483
120,-171.8985062977634,303.64814177411694,259,807,42,77,723,213,823,413,426
121,356.2830588982453,386.3924870740963,38,874,491,526,80,917,919,187,28
122,368.8645517866034,203.32423310196623,384,130,69,808,10,366,150,982
123,0.4010386302050195,178.83472581785253,773,307,214,827,733,606
124,496.7116828088345,-352.1134522806768,347,805,46
125,91.62335456006943,-166.81218819846987,419,796,183
126,383.3716694154229,-306.509526377319,35,331,175,81,178,55,344,411,414
127,158.82039529015023,280.9839340800214,303,338,787,888,155,701,382
128,-301.3955275750083,-316.9345802003287,871,144,756,952,569,605,830,959
129,450.15944574708357,131.36262211343097,2,67,582,40,681,648,876,302,719,632,963,280,27,828,509
130,346.8816828659439,239.7512845372688,982,122,885,150
131,239.23831562380303,15.46796665873984,355,406,14,958
132,-216.2175400559666,-113.08120122199216,776,201,234,942,367,731,31
133,-64.11847106607682,-373.2970387573182,240,968,386,852
134,-164.82119622604841,-339.40140698950097,292,236,651,332,943,624,180,667,735
135,-482.61437950066966,-68.48281218615159,75,387,573,707
136,-64.66979855853472,486.0908614469579,152,779,799
137,-318.8598895430905,-398.8358881980253,512,961,866,614,746,972,687,144,20,219
138,-73.51717783590617,329.943359469554,33,743,48,534,663,923,700,752
139,1.1683507415523042,-244.98168151594203,832,848,322,388,998,425,815,272,911,443,92
140,7.479893658516867,-476.13525811833813,165,454,839,104,489,267,915
141,114.93743030914261,173.22553404434726,520,954,85,845,157
142,420.08653092891615,-440.3548236100835,161,867,452,521,528,937,309,215,656,379,222
143,-105.7077707882923,-484.47618580041893,299,252
144,-292.3395260793262,-365.26023743992,128,137,972,687,219,605,830,959
145,332.0456218455633,15.404040467785652,705,580,766,433,820,53,345,574
146,349.9809198185168,-164.45421463623478,370,859,246,306,910,973,242,339,278,24,89,283,638
147,-52.345547189782906,268.1433416239195,743,264,713,298,944,534
148,71.50062110955102,57.040535363620194,608,97,709,456,881,594
149,-50.35641535872315,-49.85395053396368,39,778,434,304,562,471,445
150,371.41557802421534,210.2326500855013,384,130,10,366,885,982,122
151,-90.91287865459019,146.32183737377036,421,230,71,712,745,11,694,948,182,889,153,698,955
152,-37.130575356390196,467.8339070846276,136,50,779,730,799
153,-97.85912056105062,151.86835467817662,421,230,71,712,745,11,750,694,806,948,182,151,889,698,955,29,383
154,-185.6942293827928,237.14812970882716,492,560,659,887,539,863
155,173.1122580499258,233.54452953494487,224,640,498,338,787,888,127
156,136.67636044705267,-76.18783196349632,865,643,486,8,459,529,914,981,438,286,479
157,103.26337828344579,208.67475457779105,225,520,141,954,85,473,858,253
158,-460.6253330361223,-185.55118393139148,417,552,271,341,633,248,57,190
159,-333.1778964387229,227.75055225890705,905,169,377,58,378,446
160,490.3660497436211,287.4501533194683,721,268,310
161,426.9912288343727,-424.32556156193925,656,867,452,142,521,334,528,309,617,324,379
162,-418.9612774599023,390.8937175199767,98,422,166,359,487,642,975,496,276,216,25,571,966,895
163,345.04641102626834,-233.67628608996105,289,994,35,678,909,690,910,239,626,403,278,474,859
164,-14.900320717298964,227.90308285428907,674,843,773,214
165,-15.821817763846946,-464.7670118929692,454,839,362,267,140,915
166,-400.5312623180279,434.29846106532665,162,516,646,550,359,171,397,496,210,947,276,542,642,216,825,478
167,477.59977827745206,467.39159990479664,481,802,676,197,969,821
168,-117.76633934338798,239.02862933929646,184,944,298,51
169,-354.0649172168916,219.13527627749863,58,879,738,446,159
170,55.592857434472286,318.46232676597964,813,691,764,533,685
171,-364.1805707424306,402.2529078192212,98,516,453,166,487,395,397,772,496,276,542,642,216,25,538,478
172,-481.58001159682885,47.58335278106773,96,418,547,675,505,540
173,417.88916276721466,-205.36318167128508,323,644,678,102,695,690,242,403,311,754,795
174,189.59839007148838,177.26073232319905,928,993,903,12,878,430,189,437
175,419.88854311431214,-335.3611033077578,324,869,103,617,126,510
176,-174.4186109344794,-193.7912301965432,992,257,610,835,36,231,455,238,431,545,88,260,603
177,115.11408394384715,28.573646559983846,416,608,194,3,709,465,594,475
178,379.07153628927506,-297.3653072172616,35,331,81,414,55,344,411,126
179,393.2348359563094,88.66883976875073,769,2,261,582,391,40,876,396,719,648,949,635,828,817
180,-204.24419780135815,-353.11181112315614,4,134,624,340,312,444,735
181,-465.41331694590895,233.87047518771564,472,361,557,7
182,-112.3416131596392,168.64003678839146,806,712,745,11,750,889,948,694,151,153,698,955,29,383
183,50.66491825766695,-185.7365773314128,0,419,388,615,499,125
184,-115.60854581932666,272.4928205616036,168,42,944,264,51,723,700,298
185,59.61229319207717,246.26576280457257,225,519,650,939,685,655,691,470,473,858,954
186,-145.44028467332814,-54.999065207299466,785,99,357,803,501
187,371.5255735416634,361.27558406674956,576,34,38,199,491,80,913,967,121
188,-80.2085922814324,-186.19055952215203,256,100,82,660,661,822,279,824,761
189,196.70215887095856,169.6400204285149,928,993,903,12,878,174,430,437
190,-464.9873749087663,-182.15044720609885,417,552,271,341,633,248,57,158
191,-239.94310103065052,469.26938176372823,65,757,285,381
192,-100.75546002448377,-138.57146710301538,548,348,824,273,82,279,88,761,412
193,-485.1154973762651,-498.2336997374581,906,996,781
194,139.760668147629,39.93388110959628,3,709,465,177,594,475
195,-326.7763500532105,460.1281981984494,978,395,772,453,523,397,210,789,951,285,542
196,380.64618847956643,311.13081440566737,576,833,325,199,936,463,80,369,883,116,696,596
197,454.44034030280136,476.5531484698823,481,290,676,167,969,802,821,636
198,-494.0597862771342,350.39040681143354,354,964,485,41,530,308
199,354.55101282741765,317.357635659153,833,196,325,203,463,80,116,503,596,187
200,41.20362209960293,-405.3969808979878,572,901,462,447
201,-196.09139574839395,-113.55239953687746,835,132,776,234,942,367,31
202,-338.7486410387551,-130.46327452721852,43,892,797,558,495
203,326.33261939758364,339.2780665412786,325,38,199,491,711,463,80,503,997
204,201.42950284969942,-166.9308129181397,352,1,673,682,783,61
205,-15.700128086002074,-317.0968873219334,64,326,588,79,728,852,600,282,911
206,355.29472013684017,127.04888080082777,261,358,808,366,592,818,247
207,-259.38479666782376,-185.26568187940128,356,107,590,241,537,731
208,57.305307826887145,-18.209736618974404,448,898,771,933,670,703
209,-347.51260270875497,49.087953480251855,768,960,962,427,390,583,72,9,74,363,115,265,585
210,-366.81997264582935,459.9636401612386,195,516,166,550,397,646,978,947,789,886,951,772,542
211,-274.31221210485677,-263.0916618418253,801,517,871,590,241,756
212,-452.37519382804857,-127.15616460519786,229,552,842,971,248,573
213,-218.2833996393657,319.4602271776823,259,649,426,77,823,120,413
214,13.81499825658894,205.28490776274654,843,123,164,773
215,398.2010994858683,-480.0552795751807,521,142,372,937,379,222
216,-390.50899823026054,402.6067081676079,98,487,966,166,359,171,162,516,397,496,947,276,542,642,25,538,975,478,895
217,-282.9117037020613,44.58715176398154,704,513,962,742,775,72,458,115,630,727,666,380,810,979
218,-430.5801314173192,-470.5063280142936,736,996,262,297,683,781,798,409,860,318
219,-338.6378002542063,-367.33649898822273,961,614,137,746,940,687,144,753,20,830
220,455.4383381838093,-36.78420951556005,546,645,423,330,847,724,918,791
221,290.52465819571006,92.71928662721662,893
222,422.12454707779403,-485.5073960629287,521,867,937,142,215
223,-322.21833878141103,-462.96190283922635,512,945,866,894,654
224,214.11728592352264,255.91009402333796,640,579,749,498,787,155
225,70.6645923469128,236.76093750987036,519,520,650,939,954,685,253,691,470,473,185,858,655,157
226,283.2396103344523,-471.5756178783399,870,780,47,688,850,767
227,-177.3838931776609,72.75015897157732,394,117,440,476,669,629
228,176.97635143021773,-318.69703336197597,480,544,291,774,873,941,718,436,373
229,-433.78128746003864,-116.44741347014597,842,971,212,248,697,573
230,-63.9651845785455,146.20675259579107,674,421,71,712,745,889,307,694,151,153,698,733,606
231,-133.17595326864918,-221.08330505994144,256,770,36,455,621,431,176,661,822,88,612,603
232,-182.48814964443494,-281.29925474021945,32,36,236,612,595,54,601,735
233,-225.33471560988983,394.708620071573,649,313,522,518,599
234,-238.99942418346842,-119.03035088377433,776,201,731,132,367
235,496.98960036186355,-448.9013274589003,602,788
236,-159.00439434430436,-303.0377398061813,32,292,134,232,651,332,943,595,54,612,735
237,262.1019372302996,340.65097304014546,26,997,711
238,-207.08196207911877,-181.04571241225707,992,257,610,835,260,545,176,537,356
239,330.40798563109473,-279.9920135391115,289,258,35,994,331,909,163,597,55,344,474,794
240,-37.957948406659334,-385.12069037345833,836,901,968,728,447,133
241,-240.40272750639423,-229.5355309889311,257,356,801,590,207,211,537
242,383.7324152629581,-183.6413649534112,370,323,644,246,678,173,910,146,403,690,278,311,859
243,-394.7777155153777,-230.7297049311895,424,792,912,404,70
244,91.3467798928802,-384.03114009017725,466,734,622
245,206.2844107656847,-465.90531543457195,68,531,87,634,762,862
246,384.3295271133068,-134.99845848549862,644,242,306,146,78,973,370,804,638
247,364.67772872222895,135.96460126944288,384,582,358,808,366,592,818,206,261
248,-426.9905070639918,-161.7570719883462,229,552,971,158,404,341,633,212,190
249,-52.019443516111984,84.71474558948245,66,421,71,296,812,625,23,316
250,-369.36613113254634,-2.241411827856421,768,960,763,390,327,585,751,841,507,541,926
251,-150.29730670597462,403.5969104485213,890,692,389,110,255
252,-114.48192330741624,-455.03143205091,299,620,995,598,143
253,108.94418167249064,224.02325454821636,225,520,650,954,473,858,157
254,-265.1215936656499,204.74931648433449,905,715,269,877,497,887,377,665,378,956
255,-149.15003658192217,425.5252557934979,930,389,401,692,251,991
256,-106.67687175479202,-223.09897670889455,770,455,231,621,431,660,661,822,188
257,-193.69350417054986,-214.2036161190838,992,545,610,36,260,238,176,241,537,356,603
258,298.66329073935094,-253.83809831990135,289,909,239,626,597,794,474
259,-205.8992194578363,331.21343562632643,649,426,823,77,213,599,120,890,413
260,-187.11732255368597,-177.89145806431006,992,257,610,835,545,238,176
261,363.7875232976072,116.54260932406125,358,582,808,396,206,592,817,179,247
262,-473.93206509179475,-447.27791185786845,736,996,5,683,781,218,798,287
263,467.0135027371245,-189.0027840214794,800,102,488,754,84,342,311,351
264,-71.31146449197745,261.45733611849596,184,944,298,147
265,-378.11721536341514,82.10382268524596,427,868,583,9,74,363,209,86,585,831
266,158.74744347874915,342.6706602655482,647,935,382,303
267,10.223579101481196,-458.10927298300055,165,454,839,104,140,915
268,442.8499395414165,296.92379297178803,160,721,936,490,369,883,696,829
269,-254.6026756022296,225.44542820204194,887,904,905,715,76,877,560,497,659,665,377,254
270,198.96612793760647,473.8154894146421,880,931,684,45,974,464,658,671
271,-490.4851879356965,-183.40146234998667,57,190,158,417
272,1.3375244527304986,-204.10200794612243,832,388,425,139,815,92
273,-116.19339906114878,-141.6164720532904,192,548,824,661,279,88,348
274,-398.05347080722197,-417.3808702684659,297,746,940,37,343
275,-307.6565462966598,323.17117686019316,809,371,861,575
276,-398.739703330688,410.31835869997724,98,487,646,166,359,171,162,516,397,496,947,542,642,966,216,25,478,895
277,-375.1954487673611,291.6555097537629,677,872,429,784,977,819
278,343.7807078394507,-186.2658504516852,994,370,163,859,403,242,910,113,146,339,690,24,89,283
279,-99.84445383015861,-173.31357022632855,192,548,824,273,660,661,822,88,188
280,448.32016584564906,153.26123846416306,129,2,67,302,399,963,632,591,828,509
281,-1.4504941140406347,329.0262881299951,713,554,813,533,534,570,764
282,3.327971205694724,-295.26877742075095,64,322,911,588,205,79,443,317
283,320.1011960970728,-154.00162896855562,616,973,16,113,146,339,278,24,89,638
284,382.7433156988142,-60.16964281156611,402,724,853,335
285,-281.8748431447852,460.72119998257654,523,978,195,381,191
286,137.36571734974467,-65.79611266964591,865,643,486,8,459,529,914,981,438,156,479
287,-498.66488006779394,-420.9997361358261,683,5,262
288,265.9614298616214,269.39628762796855,577,579,749
289,317.1745599704526,-235.0508711246524,994,258,163,909,910,239,626,474,859
290,412.5075400716777,497.23139498096305,676,197,300,716,337,636
291,137.10409820326552,-332.4672528858438,480,544,228,774,436,373
292,-140.94960870031736,-345.9681964046067,609,134,236,651,332,943,667,927
293,208.59791885595624,110.18629716823925,928,321,374,619,878,984,726,568
294,-440.58244909530595,-353.82140543500986,706,584,333,686,111,826
295,144.25696514615328,-213.5253068530778,392,714,908,301,477
296,-93.8881176483961,72.38465578364884,66,625,476,812,461,17,854,23,249,316
297,-390.85845608857005,-459.56845967503966,37,274,798,343,376,409,218,860,318
298,-83.18543392591326,262.63026109444974,147,168,944,264,51,184,700
299,-78.75420529436572,-459.691045490901,995,836,362,143,915,598,252
300,386.15951669535673,493.9966361801984,290,337,329,716,689,636
301,113.01014017871924,-228.34005126020318,295,392,714,400,532,477
302,440.52721594246015,178.1082823108091,129,67,10,364,591,632,19,758,280,509,963
303,170.62881739760772,296.11573840272763,266,338,787,888,988,701,382,127
304,-58.02779093544874,-43.162825965003535,39,778,434,562,149,471,445
305,-322.40247231882745,154.4802355578716,484,741,559,561,30,58,446
306,378.5601797074468,-131.41473432971418,644,616,370,78,973,146,246,804,638
307,-39.841923365160795,166.44826759570287,674,230,71,889,123,733,606
308,-482.44392273688976,303.9974716755828,354,964,198,7,41,946,105
309,434.1890111452107,-427.18643466825745,161,867,452,521,334,528,142
310,496.3604411868012,276.8045261801376,160
311,422.60991007948223,-178.52582095097858,323,644,102,263,173,242,804,754,795
312,-221.64215517466812,-378.9853918429311,4,624,83,340,180,346
313,-204.36501840719723,395.59357553268524,649,233,518,599
314,-475.62395082643684,398.53283890141853,530,485,966,895
315,-432.507319516886,162.71487816217356,899,101,361,557,472,114,628,457,408,543
316,-69.38460130655189,81.67655405713225,66,421,71,296,812,625,23,249
317,40.27274077714671,-283.98200925549764,49,282,443,322,911
318,-423.5446047837351,-465.5680272064584,736,996,297,683,781,343,409,218,860,798
319,272.1221116970042,192.61205594536457,577,903,884,950,849
320,-208.38984413594207,-11.27372047338926,336,451,744,112,851,803,629,666,668
321,175.47159739253547,97.16282917908636,555,293,619,430,437,855
322,32.72529702292726,-255.82729525449489,388,139,815,499,532,911,282,443,317
323,395.30861203432397,-194.96432140020957,859,644,678,173,242,403,690,311,795
324,414.30517695558444,-376.41052204797364,161,452,869,103,617,334,175,528,777,656,510
325,337.9173359026207,294.93059965716486,196,199,203,463,116,503,596
326,20.37666563456564,-350.4821704093185,929,901,205,728,572,447
327,-334.3525370683085,-8.98487353887667,672,960,390,841,458,527,566,250,751,604,541,926
328,-108.66457487043945,-295.75451265449783,386,651,748,621,593,563,54,600,770,989
329,350.1594550183239,463.170550260687,679,28,300,337,405,919,689,508,917
330,464.9034918582549,-55.42564279757756,724,847,220,918,423
331,353.3747964313827,-290.1132336437845,35,909,239,178,414,55,344,474,411,126,597
332,-138.39475213184315,-344.70312570943315,609,386,292,134,651,236,943,667,927
333,-442.89322792856643,-324.30749308512077,706,294,584,717,111,826
334,446.6550197772399,-395.4516591492798,161,867,452,103,617,528,309,324,510
335,387.50441866899166,-28.819450868023733,705,546,402,724,853,284
336,-185.68344358163148,5.857570955944746,320,112,785,851,980,565,440,668,629
337,383.65923450547047,486.18972224855975,290,716,329,300,689,636
338,149.613460540422,267.80247738242593,640,303,888,155,701,382,127
339,324.34640913357504,-161.7390138364473,859,616,973,910,113,146,278,24,89,283,638
340,-230.96772908993913,-372.2919624023544,4,624,83,180,312,346,444
341,-415.8220660431432,-179.4792609323118,552,971,404,158,248,633,190
342,477.29684815601814,-231.15930102701077,800,102,263,754,564,695,84,351
343,-388.27666955738016,-440.95348014192604,866,37,297,274,860,318
344,336.81690782719585,-289.3786989662558,35,925,331,909,239,178,414,55,474,411,794,126,597
345,287.56318795100077,-1.3090257787957693,145,355,766,14,433
346,-213.31406454909163,-418.009783888624,4,624,664,83,52,312,340,506
347,479.1683428470731,-356.63718525242706,124,510,46,805
348,-86.10989118692325,-115.91315155670101,192,548,562,273,82,824,761,412
349,89.46148540715282,375.53388115463525,420,875,118,759,793,410,62
350,85.66773934819638,-457.0889110723008,838,104,489,622,432,90,699,94
351,462.03249650590806,-237.0257458072398,102,263,754,564,342,695,84,795
352,238.7187244927681,-197.51121961657614,673,999,551,204,783,891
353,-439.1070177915984,-10.340563860025576,96,641,547,763,387,707,856,507
354,-470.93858114403395,331.21909755999445,964,485,198,41,946,530,308,105,56
355,252.03225355803062,12.464686133872526,131,14,406,345,922,958
356,-230.43925903140206,-223.50830529881682,257,610,801,590,207,241,238,537
357,-116.30743666722532,-61.57214491897556,785,186,99,445,501
358,330.8640936619769,147.12015035743508,261,808,366,592,818,206,247,69
359,-417.86474276478236,391.97842192166075,98,422,166,487,162,975,496,276,642,216,25,571,966,895
360,-291.8139943403657,-77.65041434730946,482,43,587,398,720,604,957
361,-446.5951745644602,209.50927202757762,472,315,181,557
362,-46.24956124041002,-448.6327444755298,995,836,165,299,915,598
363,-345.4257331770677,92.26273002116037,962,484,741,561,72,265,74,427,559,209,583,727,831
364,470.26446618512585,204.00493246424244,483,758,302,19,662,632,509,963
365,304.7087342295528,-417.0132768531349,780,850,755,732,870
366,369.04122480688164,172.0532836241081,384,69,358,808,10,206,592,818,150,247,982,122
367,-231.1533443331638,-135.17128902314712,132,776,201,234,107,731
368,-460.6157697192631,101.48647927145404,505,435,899,86,543
369,428.9046019126007,319.0787184669762,576,833,34,196,936,490,268,721,883,696,829
370,373.2808973408408,-148.46631154672173,644,278,306,242,78,973,146,246,24,804,638
371,-318.9578032113376,283.4883162490459,904,977,275,575
372,349.9092073223163,-484.74616118987734,767,215
373,174.71519562627657,-341.3765624246241,480,291,228,837,774,556,525,718,941,657,436
374,226.42550721440958,128.6238829975649,928,293,878,984,884,726,568
375,317.7247124831011,-44.62091060839357,433,18,627,907,106
376,-368.82806180975103,-494.54408083922266,297,37,894
377,-289.74984618365073,219.26071338715835,904,905,715,269,877,497,254,665,378,446,159
378,-305.01855256691425,201.45995649804894,905,30,715,497,254,665,377,58,446,159
379,381.65225124856283,-445.0478109273764,161,452,521,777,142,656,215,732
380,-267.9737423265468,37.15705210652842,704,513,451,742,775,458,115,630,217,666,810,979
381,-249.2005074471275,476.4454225036304,65,757,285,191
382,145.41601434835894,299.86870924015795,266,303,338,888,701,127
383,-84.84124192723297,196.07495572877752,153,674,606,182,889
384,379.2459071352211,171.22117608242127,69,808,10,366,591,592,150,247,122
385,122.69203004406847,478.41408285427025,864,896,44,109,464,924
386,-89.93241230027338,-337.95629924152416,133,328,651,332,593,852,600,927
387,-449.5913744199245,-42.97335123602086,641,707,353,75,856,135,573
388,23.18616482042868,-217.6609476318252,832,322,425,139,815,272,499,183,92
389,-110.53930180647565,415.41542172862165,680,586,439,692,725,567,251,255
390,-352.9728771684116,31.95440181245157,768,960,962,583,9,74,327,209,585,250,926
391,375.5117837840841,46.578242626369004,705,450,580,396,882,179,820,53,635,574
392,142.46485145409915,-226.47989000273327,714,477,908,301,295
393,38.105988099586426,-96.25820690299425,811,611,846,814,934
394,-223.7338620416758,69.62784861362292,440,921,666,227,493
395,-334.7672250213436,421.23443982829343,897,195,516,453,171,397,542,772,538,478
396,380.8715730610053,78.88957332776769,769,261,582,391,876,817,882,179,820,949,635,574
397,-352.2147351957766,427.29440973322386,195,516,453,166,171,646,210,276,542,951,216,772,538,395,478
398,-286.26854765464293,-73.4022371773343,482,360,587,720,604,957
399,496.8019963250647,152.00485932496687,280,963,509
400,78.59832766346753,-228.0671021786388,49,499,532,301
401,-141.6006808776604,464.31400981415374,586,991,930,93,255
402,368.84034859000025,-64.70904083890983,18,907,284,853,335
403,375.53323326831645,-218.23999258397419,994,323,163,678,859,173,910,242,35,278,690,795
404,-383.25793986651735,-182.70753904468617,552,971,912,243,341,248,633
405,317.598894930333,441.53030762898425,987,679,329,983,526,917,919,91,508
406,236.30362473053833,16.868626556610366,355,131,958,14
407,-491.75819026678914,-347.44091906173514,584,826,111
408,-466.42836341476743,155.80247436176364,899,557,114,435,472,315,543
409,-423.2368270155707,-495.6585341391111,996,297,781,318,218,860,798
410,86.00352550622902,423.70730962654267,44,109,786,500,793,924,349,62
411,384.10297637649137,-295.5873261967671,35,331,81,178,414,55,344,126
412,-51.941902731090565,-129.94223455875874,192,100,618,562,824,82,761,722,729,348
413,-210.22727704102073,331.61616245188594,259,649,426,823,77,213,599,120
414,365.5968113623511,-320.46559456208314,869,331,178,55,344,411,126
415,-334.8231073090903,-243.9894977633812,424,792,549,70
416,106.25894808246761,-1.2270271790885134,448,608,709,465,8,177,594,475,670
417,-492.8654621110723,-167.47099003917486,57,190,158,271
418,-497.0618954138387,64.76605291625171,505,675,172
419,92.33521112483778,-163.21394017904967,796,125,183
420,50.4752311094403,379.5927596975616,786,813,349,118,533
421,-76.0940218700623,121.60023401468479,230,71,712,316,11,625,694,153,745,249,698,955,151
422,-415.8160337252521,358.4689730507657,98,966,487,359,162,975,784,642,25,571,895
423,456.79749297625636,-6.567880175104457,546,645,330,918,502,791,220
424,-369.0671774595059,-252.58500786809935,549,70,912,243,792,415
425,-1.993391685611634,-213.9280145158109,832,848,388,998,139,815,272,443,92
426,-196.16022321815473,332.7152345196661,259,649,823,77,110,213,599,120,890,413
427,-380.4650344819261,83.29078933119804,868,585,583,9,74,363,209,86,265,831
428,-271.09509892243756,144.09201682689854,484,741,6,715,460,497
429,-410.30077237595555,300.0622514496802,677,105,784,819,277,56
430,166.60038058042502,138.82740959151874,928,321,878,555,12,174,437,855,189
431,-132.15398175862447,-218.08994230784518,256,770,36,455,231,621,176,661,822,88,603
432,89.48595106179991,-480.44631388704596,838,104,489,970,94,90,699,350
433,322.09588259754787,-11.49621630991371,907,145,627,53,375,345,766
434,-32.3534824852092,-66.88128138176485,39,778,623,304,562,149,471,445
435,-467.0935519981273,107.26134178961166,368,408,543,899,505
436,146.72269851373864,-307.7595788827482,480,544,291,228,774,873,373
437,170.72096772877853,143.11265667012495,928,321,878,555,12,174,430,855,189
438,133.81362700555533,-90.23332382674587,865,643,486,8,529,914,981,156,286
439,-81.95399020029981,437.3293929943413,586,725,108,389,567
440,-187.76248319209043,53.67349686066858,336,394,227,668,629
441,476.77907300705556,401.87727615879385,802,469
442,213.2160115652304,-387.76388704993326,837,556,652,718,657,467,760
443,-4.290915010237484,-261.36825937430854,832,322,911,998,425,139,79,848,282,815,317
444,-233.0556097007127,-326.49546842875054,340,180,517,605,601
445,-70.54466601906051,-55.55060938817358,357,39,778,562,304,434,149,471
446,-318.6155791100308,190.0119795407873,738,169,715,305,377,58,378,30,159
447,1.2737893322467553,-386.3200653084449,901,326,200,462,240,968,728,572
448,83.60400335967012,-34.60186196113235,416,898,771,8,208,914,670,703
449,197.3650399901171,417.3241255229474,896,737,931,684,45,974,589,658,671
450,393.0460277110479,25.22000189615703,705,546,645,391,882,502,791,635,574
451,-253.65882693398765,-10.265998170843616,320,672,482,742,775,744,810,587,527,112,666,380
452,410.93567722707814,-405.4181409906933,161,867,324,142,521,103,777,334,528,309,617,656,379
453,-327.6825028884628,425.6601233638249,897,395,772,171,397,978,195,542,951,538,478
454,-11.057293201008678,-494.85827857527687,267,140,165,839
455,-140.68222905784344,-203.9322415865522,256,545,36,231,431,176,661,822,88,603
456,84.48535403590796,100.98208027350131,97,148
457,-391.1273182133542,136.10434584448583,515,868,101,628,543,315,831
458,-300.08306648439986,22.405755821494957,672,962,630,742,327,810,775,527,115,566,217,380,979
459,149.4039555045026,-38.3095122763486,8,529,21,475,156,286,479
460,-281.8818377945946,105.38443519955388,704,513,484,741,6,72,428,559,561,630,727
461,-125.18128566437082,44.9150142247875,296,812,17,980,117,854,476
462,11.36133325888733,-401.2583007064202,200,968,572,901,447
463,346.38795974892275,295.02718192132284,833,196,325,199,203,116,503,596
464,167.49528416513658,484.39647001419104,864,385,896,931,270,880,671
465,130.58171972402667,22.989275176565236,416,608,194,3,709,177,594,21,475
466,122.8657856042903,-406.06448948634545,920,244,525,622
467,224.78495915953923,-418.73867813519263,68,965,870,652,556,87,760,442,634
468,4.233373726187928,116.51813220214213,857,827,733,511
469,461.1679279776828,361.2264601687041,441,34,490,913
470,57.544681248587025,235.185743560693,225,519,650,939,685,655,691,473,185,858,954
471,-63.213850389503776,-44.334263049148895,39,778,562,304,434,149,445
472,-459.6086611246074,202.40257096834148,361,557,114,181,408,315
473,98.2686291345407,241.68614507503273,225,519,520,650,954,157,470,888,185,858,655,253
474,321.2437121192356,-267.0577969849578,289,258,35,994,331,909,239,626,163,597,344,794
475,130.48687863781572,0.3561875215849497,416,194,3,709,465,8,459,177,594,21
476,-131.4391697828484,87.91892010235568,227,900,296,745,461,17,948,117,955,669
477,147.8544493298055,-246.75333634932184,392,714,908,301,295
478,-363.077951928479,406.52490494741,98,395,516,453,166,487,171,397,772,496,276,642,216,25,538,542
479,163.8734262414715,-46.4770340481715,8,459,529,21,536,156,286,639
480,163.37227520372076,-337.6203242350544,544,291,228,837,774,525,718,941,436,373
481,462.89504898129155,469.22267939541507,802,676,197,167,969,821
482,-259.34847038367195,-50.53932105659686,451,360,587,398,527,720,744
483,463.16724329065016,234.98944500899776,19,364,758,662,119
484,-313.0483053079877,126.394015102119,741,561,72,460,363,428,559,305,727,30
485,-489.56238672379214,368.187144716804,314,530,964,354,198
486,110.43383668825768,-87.83088294553387,865,898,643,8,914,981,438,156,286
487,-392.0140652572348,375.5886440262665,976,98,966,422,359,171,162,975,496,276,990,642,216,25,571,478,895
488,492.9430119176065,-166.17414693992473,800,535,102,263
489,51.763801309502085,-491.6668444864567,838,839,104,140,432,90,350
490,434.6213844372178,333.6121301280564,576,913,34,721,936,268,369,883,469,829
491,327.5706731034126,374.48203883014406,38,711,874,203,526,80,503,121,187
492,-194.4190776048117,214.76027804778474,887,154,539,659,863
493,-216.67211247348817,113.10980676331783,921,394,653,6
494,-0.21228670041451014,32.38847812586398,881,511
495,-351.5033970051532,-100.96567125289991,202,59,892,613,797
496,-402.73158773276117,413.3201779214164,98,487,550,166,359,171,162,516,947,276,646,642,966,216,25,478,895
497,-258.84870021831097,191.28597616158882,715,428,269,877,887,665,377,378,956,254
498,213.28746860482306,233.98510707627494,224,640,155,787
499,63.127704544724935,-232.06365752522274,322,388,400,49,532,183
500,39.80159998157762,436.30182484867316,410,786
501,-124.34333646517648,-71.92847805305914,186,99,357
502,421.13614212028284,20.413070693815595,450,645,423,546,882,791,635
503,327.56277524578303,334.8696370271046,491,325,38,199,203,711,463,80,997
504,-261.6628422266376,350.0519933795898,809,522,739,861
505,-467.16888465741044,68.56689304478991,96,418,675,932,172,368,435,86,540
506,-243.64221799179464,-433.4417132334044,664,346,83,844,654
507,-404.9888828565508,-7.546180857311513,768,353,641,841,751,856,250,763,541,926
508,362.35396215917916,438.5456383621367,329,526,405,919,28,917
509,483.40699980451575,168.45085811946882,129,963,364,302,399,632,19,758,280
510,449.50977268958434,-370.3275334667777,324,805,103,617,334,175,528,347
511,12.46951073555902,77.11228483053945,857,468,494,881
512,-302.1014825377881,-438.2533328544566,866,137,844,654,687,20,223
513,-276.18102112075746,67.03767792028282,704,72,460,115,630,727,217,380,979
514,486.4875788420233,44.54933197791,747
515,-374.10296431024915,137.72830755775612,738,868,101,457,628,831
516,-378.4160420622864,444.1136582896458,642,395,772,550,166,171,397,646,496,210,947,276,542,216,478
517,-233.8547112912942,-287.29056194064526,32,801,211,756,601,444
518,-252.5939740059663,405.73244444847467,233,522,599,861,313
519,65.9509756774802,266.64538854474876,225,650,939,685,655,816,691,470,473,185,858,764
520,115.22130230495698,216.48119833377933,225,141,157,473,954,253
521,422.25189229517736,-444.2500737374021,161,867,452,937,142,528,309,215,379,222
522,-258.68802201095366,361.0612057980461,739,518,233,599,809,504,861
523,-305.1220482627677,492.981179734175,978,951,195,285,789
524,255.58417957687806,473.8676275336382,840,684,45,658,987,637
525,158.76913322079545,-379.68985747318163,480,837,652,718,466,373
526,338.8263583663669,414.42273867403725,28,874,491,405,919,121,508,917
527,-291.3684458045863,-19.274862708901775,672,482,451,742,327,458,775,720,566,604,810
528,425.000367066264,-398.6267889791234,161,867,324,142,521,103,334,656,309,617,452,510
529,150.4831970692345,-49.639957885469485,8,459,21,438,981,156,286,479
530,-481.02716177418625,366.03082761757446,354,964,485,198,41,314,571,895
531,220.80981913417574,-479.6651983672362,688,634,68,245,87
532,71.52296214371334,-244.4453377383753,400,49,322,499,301
533,31.390994300470542,339.49950859135333,420,170,813,118,281,764
534,-38.91890723389946,300.75032837972304,743,713,138,752,147,281,570,554
535,467.75663925178526,-137.94707569381947,488,800
536,197.6756829355918,-81.31372376764567,865,479
537,-224.81144907667382,-220.51203531574913,257,610,356,801,590,207,241,238
538,-345.6741055014646,396.21502604014734,897,98,395,772,453,171,397,542,216,25,478
539,-173.5956328196303,252.5153680900155,807,42,492,560,659,723,154,863
540,-434.721314950567,53.06271387289152,96,547,932,9,172,675,86,505
541,-379.4013649449205,-18.479163878752814,768,960,507,763,613,327,841,751,250,59,60,926
542,-352.2230021524438,426.94372957352033,195,516,453,166,171,397,646,210,276,951,216,772,538,395,478
543,-437.4153070470338,119.85061489917138,899,101,457,368,114,435,628,86,408,315
544,127.34385813618265,-315.7214435125587,480,436,291,228,774
545,-175.609891548667,-187.5598489780993,992,257,610,835,36,455,238,176,88,260,603
546,425.4961164261415,-1.5001213397843882,450,645,423,918,335,724,502,791,635,220
547,-446.5427302024745,20.425677617000872,96,353,675,932,641,172,856,763,540
548,-115.4846097019474,-127.74542177455007,88,192,279,348,273
549,-323.3112598387194,-245.0708983655032,424,792,70,415
550,-407.7483536452605,462.9320754172449,516,166,646,496,210,947,886,825
551,219.93815989980737,-243.72964103228477,352,673,891
552,-430.3075510356208,-170.96870721126146,971,404,158,633,248,212,190,341
553,248.90694181642326,-118.0594825454796,16,73,61,790,783
554,-25.115599397455448,313.9580157724847,743,713,752,534,281,570
555,162.3854273601453,129.29451597078955,928,321,12,430,437,855
556,208.5668858819294,-371.9594892006294,837,652,941,718,657,467,373,760,442
557,-441.9407779504021,196.98442919555126,361,879,472,114,181,408,315
558,-302.9527444790849,-146.66907637026526,107,202,43,892,797
559,-325.67142084591194,119.68071267561464,484,741,561,72,363,460,305,727,30,831
560,-219.23412154480891,258.93921669558483,877,76,77,269,659,887,154,539
561,-316.4730910856941,106.18615269594667,704,484,741,72,363,460,559,305,727
562,-52.969340229100496,-91.88941828555474,39,348,778,304,434,149,471,412,445
563,-87.76863340475039,-276.53117104016434,770,328,748,621,593,600,989
564,468.6509334960464,-241.03500634232654,754,84,342,695,795,351
565,-143.43075497056068,-4.809073540235298,336,785,99,668,980
566,-314.45200756088343,-14.379217315367177,672,327,458,527,720,604,810
567,-67.36444579621536,404.3435146664408,33,389,680,663,108,48,725,439,63
568,243.17110277042553,114.7354969013421,726,984,884,293,374
569,-313.33269714000755,-310.9666653591906,128,871,916,952,605,830,959
570,-20.384678329658847,340.8696435608395,743,713,554,534,663,281
571,-432.7611302188513,368.52529825076306,98,966,422,487,41,359,162,975,530,642,895
572,42.21790198484698,-363.31180076748694,929,901,326,200,462,728,734,447
573,-470.7454280918627,-85.70470139464392,387,229,135,842,75,707,212
574,353.8994673385145,55.330816076509805,705,450,580,391,396,145,882,820,53,766
575,-322.82161864380623,295.97835843320763,371,809,275,872,977
576,407.32573634285217,340.6488575777873,833,34,196,913,936,490,967,369,883,596,187,829
577,288.74688290184037,229.76783560334678,288,849,885,950,319
578,246.22562384746715,-61.286943425834295,73,106,922
579,229.44591332059395,285.32959170843463,224,288,787,988,749
580,326.1186505387884,51.755657855465095,391,145,820,53,574,893,766
581,318.7652361334433,-357.25272890217366,755,708,925,55
582,407.4556542663995,115.22199944901479,129,2,261,769,40,876,396,719,648,179,949,247,828,817
583,-359.83101576150744,49.68827698339939,768,960,962,427,390,9,74,363,209,265,585
584,-450.8372971455271,-343.62182699619814,706,294,717,333,407,826,111
585,-381.4234510943023,40.82465289163106,768,960,932,390,583,9,74,427,209,265,250,926
586,-105.6266431989521,456.12610554061615,401,725,389,439
587,-252.6226504673137,-54.84955397734914,482,451,360,398,720,744
588,-36.40483704675912,-300.717790851327,64,205,79,852,600,282,911
589,187.0866585032279,405.87930819205167,896,449,931,737,647,974
590,-255.41303403299375,-234.197644263211,801,356,207,241,211,756,537
591,418.5645391292585,180.69426371509766,384,67,10,302,632,19,280,963
592,342.63287207678997,151.6644455804471,384,261,358,808,366,818,206,247,69
593,-96.92233290006868,-302.4987906315969,386,328,651,748,563,600,989
594,109.0183034744413,43.81220010641573,416,608,194,709,465,177,148,475
595,-172.68671706040152,-289.6035315601728,32,612,232,236,943,54,735
596,375.97400802495804,311.3744003943869,576,833,196,325,199,936,463,80,883,116,696
597,308.89857702643855,-290.1529462035134,258,925,794,331,909,239,55,344,474,765
598,-91.54092600327657,-430.1670164442453,995,836,362,299,953,252
599,-215.18455232600962,377.84024272055603,522,259,518,233,426,649,313,413
600,-62.14161178742161,-301.4311090700363,64,386,328,588,205,79,593,563,852,989
601,-226.86351098593062,-285.2649082650149,32,801,517,232,756,444,735
602,472.46688369644875,-477.0306533908857,937,235,788
603,-158.3692372085115,-231.53673283339583,257,610,36,455,231,621,431,176,545,612,770
604,-314.2533044503241,-39.005623231950224,672,613,327,360,398,527,720,566,59,957
605,-272.6484960631925,-326.3985775746038,128,871,972,144,756,952,569,444,830,959
606,-44.32633208640468,173.69872612835437,674,773,230,71,307,889,123,733,383
607,-389.18304701191374,-360.0241456618182,961,706,614,938,940,686,753
608,84.26252765283182,32.17446445399741,416,709,465,177,594,148
609,-126.95842686681647,-385.8739086587066,834,292,710,332,953,667,927
610,-190.29553698314828,-225.7322321704087,257,36,260,545,238,176,537,356,603,801
611,23.397747950978818,-121.83065184234987,0,934,615,393,846,722,814
612,-153.54649808139786,-264.71324840552234,32,770,36,231,232,748,236,621,595,54,603
613,-351.1608768184752,-57.852306100662275,957,60,841,751,495,59,604,541
614,-343.77321566321405,-367.34719769326284,961,137,746,940,753,20,219,830,607
615,34.5147652512533,-154.5264379403467,0,722,611,934,183
616,332.55569501898066,-113.26165547293799,306,973,18,339,283,638
617,419.2895561678962,-379.4294732947069,161,324,869,103,777,334,175,528,452,656,510
618,-15.697196883324494,-154.9650954413443,0,100,722,82,761,729,412
619,200.57300957072422,65.93250669860318,321,293,726
620,-160.03669024458367,-448.6826869017708,252,834,52,710,702
621,-126.49123006670959,-261.3017838254761,256,770,612,231,328,748,431,563,54,603,989
622,110.70570018980874,-418.2969670126441,466,244,920,90,699,350
623,9.929934013912401,-44.999663191047865,434,811,933,814,703
624,-189.83365159251676,-377.3701415252485,834,4,134,340,52,312,180,346,667
625,-60.800245528714655,96.05662289765394,66,421,71,296,812,712,23,249,316
626,303.07813878373844,-234.04860566628426,289,258,163,994,909,474
627,299.8939438150502,-54.94703848260796,73,106,907,433,18,375
628,-402.74020284815714,153.2429751202018,831,738,515,868,101,457,879,114,315,543
629,-184.16746453462864,29.609092824567142,320,227,336,980,440,668
630,-292.0319019942605,60.512590721736984,704,513,962,72,458,460,115,727,217,380,979
631,464.4738628802757,-301.24399766906816,81,805,46
632,444.5082171204927,179.7563221563455,129,67,758,10,364,302,591,19,662,280,509,963
633,-416.37355994045345,-178.4940812831167,552,971,404,158,248,190,341
634,209.8355421858087,-457.38777878658266,68,965,652,467,531,245,87,762,862
635,404.6389159916751,41.978798319650345,705,450,645,391,396,546,882,179,502,791,769
636,408.4034712829615,491.61959796210107,337,290,716,300,197
637,252.99287499463674,443.59565041527014,987,840,524,684,45,658,983,91
638,363.5788676311693,-137.72933194951818,370,616,146,78,973,306,339,246,24,283
639,205.75456080466626,-27.556251951214694,922,958,21,14,479
640,173.9238414723372,231.8161435233339,224,498,338,787,888,155
641,-451.01107454859255,-24.970803330911284,96,353,387,763,75,547,707,856,507
642,-406.4387929020644,407.225255140891,98,487,422,166,359,171,162,516,496,947,276,966,216,25,571,478,895
643,126.81848142548036,-108.43348813525344,865,486,914,981,438,156,286
644,416.6151831349315,-159.38690050649828,370,323,804,306,78,173,242,246,311
645,432.08406871170547,6.694495437973957,450,918,423,546,502,791,635,220
646,-385.3651128777155,456.175283473523,516,550,166,397,496,210,947,276,886,825,542
647,152.13588586004923,381.35206218160556,266,875,589,62
648,438.5916539865108,100.07788135154738,129,2,582,769,40,681,747,876,719,817,179,949,27,828
649,-204.1565685452683,351.8800902278707,259,233,426,823,110,213,599,313,890,413
650,84.47017628443487,265.1248454226023,225,519,939,685,655,691,470,473,185,858,253
651,-122.8370131924602,-319.39466606818934,386,292,748,134,328,332,236,943,593,54,927
652,187.89710498294053,-413.02302292159067,68,837,762,556,525,467,87,442,634,862
653,-191.58159150319963,130.42756112680885,921,493
654,-274.95837129773884,-458.6269949128565,512,506,844,223
655,71.19336583171109,270.8814835801293,225,519,650,939,685,691,470,473,185,858,764
656,389.2965631371511,-404.96893152340465,161,324,869,103,617,142,528,777,452,379
657,212.60176144496924,-364.8504376032415,837,902,556,941,718,373,760,442
658,225.21716884667487,451.64307357245934,449,931,737,840,684,524,45,270,880,974,637,671
659,-213.32825120951094,244.96047876836113,76,492,269,877,560,887,154,539
660,-82.7657593084734,-203.40996469917638,256,100,661,822,279,188
661,-115.12745020115844,-189.5399437715214,256,231,455,431,273,660,822,279,88,188
662,469.9703832788089,219.7682531612214,632,19,364,758,483
663,-45.40971106021707,367.10082123627865,33,138,108,48,567,570,923,752,63
664,-209.1911926554739,-467.2544158590882,346,506,702
665,-257.49307683162783,208.48501365058135,905,715,269,877,497,887,377,378,956,254
666,-240.3367641357712,24.155547014757637,320,451,742,775,394,217,380,810
667,-156.71924523101444,-371.4376514875618,609,834,292,134,710,332,943,624,953,927
668,-176.83529188230307,5.802007161539224,320,336,112,785,851,980,565,440,629
669,-151.57002099058792,93.01410841923041,948,900,227,476,117
670,69.32543363618437,-27.503573351232546,416,448,898,771,933,208,703
671,177.75287880133706,455.66030034869766,896,449,931,880,737,270,464,658,974
672,-300.50045542661974,-4.379293232894987,451,742,327,458,775,527,566,604,810
673,202.82725191268037,-205.0034371257975,352,1,551,204,908,891
674,-51.24016980006907,193.80100178056992,164,773,230,307,889,606,383
675,-472.1815102526109,48.1563781969262,96,418,547,932,172,505,540
676,456.9434393375036,475.2236577683682,481,290,197,167,969,802,821
677,-378.9945240716409,282.90227524166323,872,977,819,277,429
678,389.9842662284302,-232.939847125901,994,323,163,695,403,173,242,35,690,795
679,330.9475920072449,481.1017275119309,329,983,405,689
680,-92.0190434937963,385.7914327009753,33,389,48,692,725,567
681,459.62926284359907,103.12557352963714,129,2,40,747,876,719,648,949,27,828
682,155.27430511285667,-154.39099715961547,1,714,204
683,-452.1973550069167,-437.8250022360805,736,996,5,262,781,798,218,860,318,287
684,227.91725163461152,453.1815019747787,449,737,840,524,45,270,658,974,637
685,42.672692206915166,277.9779699993503,225,519,170,939,655,816,691,470,185,858,764,650
686,-396.6385166639891,-360.97854547497434,961,706,294,938,940,753,826,607
687,-306.9167323607769,-405.1621770868661,512,866,137,746,844,144,20,219,972
688,259.6450967084779,-484.0364613603148,226,870,780,47,850,531
689,351.96516749278794,496.86658106214674,329,679,300,337
690,373.8960285848921,-211.93175314235967,994,323,163,678,403,173,910,242,35,278,859
691,42.79045019520189,274.43184712801883,225,519,170,939,685,655,816,470,185,858,764,650
692,-121.34732413400495,405.51638236688683,680,251,389,255
693,-458.01966927767603,-255.11166501624928,717,782,15
694,-88.98610440624766,141.31371527910775,421,230,71,712,745,11,889,948,182,151,153,698,955
695,431.87050158829953,-231.8309233805491,678,102,173,754,564,342,84,795,351
696,406.3141814387541,287.8777558189922,833,196,936,268,369,883,596,119,116,829
697,-419.6567370775823,-88.66283299327083,842,60,13,229
698,-110.247369232918,141.63356813975548,900,421,230,71,712,745,11,750,694,806,948,182,151,153,955,29
699,121.72502415405195,-465.60194960733816,970,622,432,94,920,762,90,350
700,-105.80319190536869,299.39381377904886,944,138,752,184,923,298
701,134.9525050644087,283.31625847147666,888,338,303,382,127
702,-161.89970667144792,-474.6066605847896,664,620
703,40.367836647179914,-22.321184493408254,448,771,933,811,623,208,670
704,-290.90094030965184,80.42253507337193,513,962,741,72,460,561,115,630,727,217,380,979
705,371.02612258206705,17.936714462137182,450,391,335,145,882,820,53,635,574
706,-428.7642112313121,-367.6300198690239,294,584,333,686,111,826,607
707,-460.8506193777882,-40.03063184881006,641,387,353,75,856,135,573
708,285.0890690527219,-369.7013819298641,760,755,581,902,925
709,106.89390614132866,39.97521081141442,416,608,194,465,177,594,148,475
710,-142.47303104889176,-406.8589937812849,609,834,620,953,667,927
711,301.186416286681,335.047533758024,491,997,38,203,237,503
712,-83.5904741350436,135.09510529104284,421,230,71,745,11,694,625,182,151,153,698,955
713,-20.568700437021082,298.08069338092866,743,554,816,147,534,281,570
714,150.4756878254667,-197.7164550695557,1,295,392,682,908,301,477
715,-284.3217698772909,186.95692470219194,665,905,428,269,497,30,446,377,378,254
716,407.53771438437406,493.89528272157844,337,290,300,636
717,-465.8880506223322,-298.2320944714846,584,333,782,111,693,15
718,203.82267688216695,-359.8490968192797,480,228,837,556,525,941,657,373,760,442
719,439.8854329181241,86.01208911525727,129,2,582,769,40,681,747,876,648,179,949,27,828,817
720,-288.2682248779305,-55.056123463173904,482,360,587,398,527,566,604,957
721,452.5479050965142,310.2911731638811,160,936,490,268,369,883,829
722,-8.69013125497653,-150.71409278013414,0,611,100,615,618,82,761,729,412
723,-162.2338720391213,284.12375589681346,807,42,77,184,120,539
724,418.140468662647,-49.35843682741192,546,220,330,335,853,284
725,-69.99930774208151,421.2746871445385,389,680,586,439,108,50,567,63
726,238.97361275596708,89.90385410419621,568,984,619,293,374
727,-311.11569237830525,84.42124220477632,704,513,962,484,741,72,74,363,460,559,561,115,630,217,979
728,-4.419027380273,-352.42146161048026,64,901,326,968,205,240,852,572,447
729,-28.045367503950146,-161.46026518453448,100,92,618,82,722,824,761,412
730,-6.070123129703009,499.29910042781654,152,779,799
731,-251.14706723301683,-148.63237222521252,367,234,107,132,207
732,341.20798619113776,-422.7882402728572,777,379,365
733,-22.66555452562713,142.12758613214305,827,230,71,307,468,123,606
734,85.90659533179456,-359.98290819611634,572,244,929
735,-185.61301529981432,-309.1325320183206,32,134,232,236,943,595,180,54,601
736,-458.89592757969643,-454.86122277307794,996,5,262,906,683,781,798,218,860,318
737,190.37695351991567,423.5824639161586,896,449,931,684,45,974,589,880,658,671
738,-367.20591883164656,181.93680654854404,515,169,879,628,30,58,446
739,-290.4601099358259,370.1319590418446,504,809,522,861,897
740,413.8764363940994,417.20071524005266,913,802,967,28,95
741,-302.63438729766244,114.60385179419407,704,484,561,72,460,363,428,559,305,727
742,-260.4368903786709,0.4126506663411078,672,451,775,458,527,217,666,380,810
743,-52.3256121315393,316.7947310167002,713,138,752,147,534,570,923,554
744,-233.72696524160673,-46.839827838795586,320,482,451,587,112,803,851
745,-110.48419575505596,132.7079391332382,900,421,230,71,712,11,694,948,182,151,153,698,955,476
746,-355.2923168046428,-402.0858198959574,961,866,614,137,940,687,753,274,20,219
747,483.7770778089304,87.90168138648401,514,40,681,719,648,27
748,-109.18324979758043,-273.04292818515586,770,612,328,651,621,593,563,54,989
749,242.7574844296796,292.8515483836428,224,288,579,988,787
750,-143.54503465523982,171.88549738445712,806,11,948,182,153,698,29,863
751,-371.60622430904846,-16.79965405623962,768,960,507,763,613,327,841,250,59,541,926
752,-68.02487316856487,323.69326719432024,33,743,138,48,534,663,923,700,554
753,-364.4519963988688,-368.081305467712,961,614,746,940,686,219,938,607
754,448.4443301929205,-220.50574848675674,800,102,263,695,173,84,342,311,564,795,351
755,292.5762066670855,-373.20388590612254,925,708,365,902,581
756,-269.98248193493623,-281.51838413929687,128,517,871,590,211,952,601,605
757,-210.49589887007724,461.5410482291391,65,930,991,381,191
758,479.4803285643431,201.36651436391796,483,364,302,19,662,632,509,963
759,96.75153885106414,358.21941743705787,793,875,349
760,242.35830448794638,-374.4431388749958,708,902,556,718,657,467,442
761,-55.17890050321939,-147.42238847711263,192,100,412,618,722,824,82,348,729,188
762,165.94107286826465,-456.8805139458264,68,862,652,245,87,920,634,699,94
763,-418.6835305814426,-2.6066358932260725,768,353,547,932,641,841,751,856,250,507,541,926
764,36.22244110332507,304.7028229360156,813,519,170,685,655,816,691,533,281
765,264.95086534958233,-312.4050902321961,985,794,597,925
766,317.39475918311246,32.20259721177898,580,433,145,820,53,345,574
767,313.68464520230333,-486.66847097451915,780,226,372,47
768,-383.3648865663489,29.2964305616088,960,763,932,390,583,9,74,841,751,209,585,250,507,541,926
769,414.40682115904036,79.01813794257606,2,582,817,40,876,396,719,648,179,949,635,828
770,-118.1078435431705,-255.81145983060082,256,612,231,328,748,621,431,563,54,603,989
771,55.08212917155042,-15.676867360874036,208,448,933,670,703
772,-341.27336762285023,431.7011811702136,978,395,516,453,171,397,210,195,542,951,538,478,789
773,-14.172212090211689,211.6870211351365,674,164,843,214,123,606
774,159.89644721715734,-302.5099957885882,480,544,291,228,873,941,436,373
775,-259.7848060303417,2.1036680522741324,672,451,742,458,527,217,666,380,810
776,-202.16582919299776,-114.9449858783278,835,132,201,234,942,367,31
777,373.9151630881555,-399.4453429861039,452,869,103,617,656,324,379,732
778,-41.7351256023486,-74.17226113566022,39,562,304,434,149,471,445
779,-19.453420600600737,476.66766752919176,136,152,50,730,799
780,284.0129347582757,-459.3433758437153,226,965,870,365,47,688,850,767
781,-450.7790270462758,-486.5532314588435,736,193,996,262,906,683,798,409,218,860,318
782,-486.2508268304275,-263.58802881585655,717,693,15
783,250.41023551592733,-167.686710291298,352,999,553,204,113,790,61
784,-419.938373158342,313.3300845250209,422,41,429,975,277,105,56
785,-149.40936830842543,-27.650649690571072,99,357,336,851,803,980,565,186,668
786,40.845100003350176,420.6293128263072,500,410,420,118
787,204.83576808997395,269.1999912526281,224,640,579,749,303,498,155,988,127
788,492.8746827068706,-442.9867956880056,602,235
789,-333.6007517180051,476.4052624403683,195,772,523,978,210,951
790,245.43858225092242,-134.7218808862981,16,553,999,61,783
791,437.66895998830626,6.438083587059329,450,645,423,546,918,502,635,220
792,-353.4168259913709,-243.11665087600943,549,70,424,912,243,415
793,93.47252240187854,407.94164237314965,875,44,109,759,410,349,62
794,296.5318509959766,-293.9624158529519,258,925,239,597,344,474,765
795,425.11298055657164,-222.81021889508557,323,678,102,695,173,754,403,564,311,351
796,98.86502183273038,-170.8775195321146,419,125
797,-326.95254351720536,-130.11648277390287,202,43,892,558,495
798,-438.2828418838134,-456.40072137076413,736,996,262,297,683,781,409,218,860,318
799,-37.66889594179179,482.5507805748646,136,152,730,779
800,472.1816561005575,-186.43604063471463,102,263,488,754,84,342,535
801,-226.7403499206291,-254.0831410620492,32,610,356,517,590,241,211,601,537
802,445.1161498778803,432.94553705810335,481,676,197,167,821,740,441,95
803,-188.13154856623825,-51.18682593011281,320,744,112,785,851,186,31
804,414.6659702857014,-139.87851426859476,644,370,78,306,246,311
805,486.0961162784916,-343.85446054148815,347,124,510,46,631
806,-134.51892520050058,179.41533665176334,11,750,182,153,698,29
807,-166.7165844618429,288.3370314815066,120,42,539,77,723
808,352.2183941115319,158.6804715175423,384,261,358,206,592,818,366,247,122,69
809,-285.67250230094663,322.28341999726507,739,522,275,504,861,575
810,-269.96742070214884,4.7930564181779545,672,451,742,775,458,527,979,566,217,666,380
811,26.319348499304507,-68.00456253098774,393,703,933,814,623
812,-91.24180119893511,56.89027330924779,66,625,296,461,17,854,23,249,316
813,39.34816880821057,352.208188666241,420,170,533,118,281,764
814,43.115698315467135,-78.16132018538147,898,611,934,393,811,846,623
815,-5.771055709888229,-230.9944955251889,832,848,322,388,998,425,139,911,272,443,92
816,19.22348707416921,277.07544640348647,519,713,939,685,691,764
817,401.6566383339459,100.95986459006912,769,2,261,582,40,876,396,719,648,179,949,828
818,327.48705141768755,151.04909279854473,69,358,808,366,592,206,247
819,-396.6224826700501,267.5656800862587,677,277,429
820,343.0195536452204,49.73063166396263,705,580,766,391,396,145,882,53,574
821,479.1577752473488,462.68112244748596,481,802,676,197,167,969
822,-113.06195648480488,-198.78635342769113,256,231,455,431,660,661,279,88,188
823,-194.83055645639536,331.23458771524594,259,649,426,77,110,213,120,890,413
824,-67.73439655843305,-144.0062964998321,192,100,348,761,273,82,279,729,412,188
825,-422.2792666778352,478.20572579615185,886,947,550,166,646
826,-445.6551534594072,-361.8248054740993,706,294,584,333,686,111,407
827,10.399084095519484,134.95762675664724,857,123,468,733
828,436.88682607616636,108.92128010396884,129,2,582,769,40,681,876,719,648,179,949,280,27,817
829,435.718384871708,315.901900118993,576,833,34,721,936,490,268,369,883,696
830,-303.1231846080088,-342.386475081895,128,961,614,871,972,144,952,569,219,605,959
831,-369.58075549848866,126.01704473431963,515,868,265,363,559,628,457,427
832,-15.495841130668598,-223.42985830664642,848,388,998,425,139,815,272,443,92
833,386.4379627948716,313.0156909531945,576,196,199,936,463,80,369,883,116,696,596,829
834,-162.01149259822634,-401.53692133340303,609,4,710,620,624,52,953,667
835,-178.97275140252944,-155.199420928094,992,545,260,776,201,238,176,942,88
836,-47.80148006492302,-423.28083757023904,995,362,299,240,915,598
837,167.91912228591843,-378.2971526046625,480,556,652,525,718,657,373,442
838,66.04969469491007,-484.54813172581777,104,432,90,350,489
839,16.85385429788655,-468.47883148953696,165,454,104,489,267,140
840,266.75924513328266,478.4404747518366,524,684,658,983,987,637
841,-373.82685057216923,-16.31297198458437,768,960,507,763,613,327,751,250,59,60,541,926
842,-432.9240474160437,-93.68560205987863,697,573,212,13,229
843,-5.571013659531943,232.33459060603545,164,773,214
844,-266.732920839709,-424.7959132783911,512,506,83,654,687
845,117.93658368673266,152.99857266033922,85,141
846,65.50409171420301,-110.94796621479952,393,611,934,814
847,470.9489712557585,-78.35413342367647,330,220
848,-40.87242066806962,-231.6619723595267,832,998,425,139,815,443,92
849,268.4123319676386,214.44487779821986,577,950,319
850,272.17216441274275,-445.1463599981983,226,965,870,780,365,47,688
851,-192.7685500273957,-22.310691001179663,320,336,803,744,112,785,668
852,-48.2678665823062,-335.5322469396985,64,386,133,588,205,79,728,600
853,382.553118599947,-38.291487777597496,724,402,284,335
854,-111.32277872422381,40.486887220508635,296,17,812,461,23
855,146.05884816273607,111.40871843360101,321,555,437,430
856,-447.80686232235234,-15.475484963342613,96,353,387,763,641,547,707,507
857,24.687574158617775,92.7590645379175,881,827,468,511
858,60.700806101607,234.01925707553016,225,519,650,939,685,157,691,470,473,185,954,655,253
859,347.68314685425804,-204.55704617407056,289,994,163,339,403,242,910,146,323,278,690,24,89
860,-418.28295151034547,-468.2404024708475,736,996,297,683,781,798,343,409,218,318
861,-278.4804884543367,363.7671591323424,897,739,518,809,522,275,504
862,171.38845471526264,-452.38758959789595,68,652,245,87,920,634,762,94
863,-178.55805176843177,204.93021196725292,492,750,887,154,539,29
864,123.19899860223794,487.2285447163751,464,385,924,109
865,153.76294364917675,-100.65597091273592,643,486,981,438,536,156,286
866,-339.65513345215936,-433.5740074251108,512,37,137,746,687,20,343,894,223
867,433.73213192849755,-442.2968655901644,161,452,521,334,528,142,937,222,309
868,-383.22833279621506,128.75301418538055,515,101,265,427,628,457,831
869,388.7594309967054,-357.41019059759105,324,103,617,175,656,777,414
870,261.3704135690348,-434.2143100571464,226,965,780,365,47,688,850,467
871,-286.87459286844575,-300.66118573474245,128,211,756,952,569,605,830,959
872,-363.71952900489225,324.23111635291644,677,976,977,277,990,575
873,187.6500178025804,-286.07944399468664,436,228,941,774
874,317.20338116494094,389.680276347221,38,491,526,917,919,121
875,106.21114357450179,363.5134229823661,793,759,349,62,647
876,424.06336575599,89.25807400825181,129,2,582,769,40,681,396,719,648,179,949,828,817
877,-254.27833960917434,237.621360251546,904,905,887,76,269,560,497,659,665,377,254
878,212.47351384904934,154.47316997578653,928,993,293,903,12,430,884,174,374,984,189,437
879,-392.0529373588334,195.1151091513167,169,738,628,101,557
880,180.08718984462203,471.85747986053394,896,737,931,270,464,658,974,671
881,34.41382432651763,65.78801031027315,857,148,494,511
882,378.70689600013486,36.494646806860985,705,450,391,396,820,53,502,635,574
883,421.93092461761773,329.33758869929596,576,833,34,196,913,721,936,490,268,369,596,696,829
884,255.0770148664475,150.41818576924183,993,374,903,878,984,950,568,319
885,330.8281894317824,238.8680036848959,577,130,982,150
886,-396.28416055421246,492.30548801099485,825,210,947,646,550
887,-222.25286268064482,224.45885620811345,492,269,877,560,497,659,665,154,956,254,863
888,139.77390252939648,267.6900870298675,640,303,338,473,155,701,382,127
889,-68.18549645089722,182.70137504456318,674,694,230,307,182,151,153,606,383
890,-166.9508524257677,362.32944073200633,259,649,426,110,823,251
891,208.6038102155875,-226.09119245901442,352,673,908,551
892,-331.433170229536,-134.034886528256,202,43,797,558,495
893,316.5777844812555,94.28199871797416,580,221
894,-338.7532082685698,-479.1262186389884,376,945,866,37,223
895,-437.75748913391345,388.87128228876145,162,966,422,359,487,642,975,496,530,276,216,314,571
896,157.22347726876907,444.66287652569633,385,931,880,449,44,589,974,464,737,671
897,-315.3916428686202,379.073016538966,538,395,453,861,739
898,81.58590336156357,-61.37844227304512,448,486,8,814,208,914,981,670
899,-457.74263949830384,123.12340271600375,368,114,435,408,315,543
900,-137.7497125903544,107.22341094389488,745,11,948,117,698,955,476,669
901,6.248085842159967,-396.56488886824326,326,200,462,240,968,728,572,447
902,261.816189271026,-372.59030843810126,760,657,755,708
903,233.00302377203565,178.62575834211458,928,993,878,884,174,950,984,189,319
904,-280.97126217318504,259.0959788515987,905,76,269,877,371,377
905,-291.60649738896893,232.7070993680239,904,715,269,877,377,665,378,254,159
906,-479.36186180290355,-497.4772676709065,736,193,996,781
907,327.64357516949684,-60.378282623319905,106,402,433,18,627,375
908,164.5628872956333,-203.7928913962166,1,673,392,714,295,891,477
909,322.28437663329856,-251.0797936558763,289,258,35,331,994,239,626,163,597,344,474
910,343.3888785355934,-199.70439465105594,289,994,163,403,242,146,339,278,690,24,89,859
911,-3.3193583691321082,-277.03479546260377,815,322,139,588,205,79,282,443,317
912,-377.51604887106714,-215.2504270080945,424,792,243,404,70
913,416.4849167780241,378.56731790567056,576,34,740,967,490,883,469,187,95
914,104.77897883745601,-76.50197862483188,448,898,643,486,8,981,438,156,286
915,-35.046432075034105,-450.41520314868933,267,836,165,362,299,140,995
916,-357.0131765795639,-304.7121961570945,569,938
917,335.24728543093806,430.63027955152387,28,874,919,526,405,983,329,121,508
918,464.32099138908103,-10.453461641916295,546,645,423,330,791,220
919,327.1532333314759,426.6099770452979,28,874,983,526,405,329,121,91,508,917
920,132.64648953373492,-438.4234684894537,622,466,94,762,699,862
921,-224.04786649108598,107.4799576904878,394,493,6,653
922,244.4162464755919,-35.16936144752003,73,578,355,14,639
923,-82.85620200203437,335.39636234824144,33,743,138,48,663,700,752
924,105.2931815883995,460.0843401815509,864,385,410,44,109
925,308.76569600116113,-328.82378180240215,708,581,755,597,55,344,794,765
926,-379.8248729561089,-4.933272000182898,768,960,763,390,327,585,751,841,250,507,541
927,-118.16681255428396,-363.47097286789045,609,386,292,710,651,332,953,667
928,199.19432234472956,154.03084960098934,993,293,903,555,12,430,174,374,984,878,189,437
929,47.00231041566294,-352.1547019310056,572,734,326
930,-180.9191593172248,457.1193325531512,65,401,757,255,93,991
931,177.06254894536767,453.1066357238219,896,449,880,737,589,270,464,658,974,671
932,-428.0273633920461,38.93370013361563,96,768,547,9,675,86,585,505,763,540
933,21.532620062994834,-18.461916224025376,771,811,623,208,670,703
934,63.6253159825032,-119.68441059779667,0,611,615,393,846,814
935,200.37454304204317,350.86329639182134,986,26,988,266
936,423.2712067492006,306.65080884608966,576,833,34,196,721,490,268,369,883,596,696,829
937,426.02565392920997,-482.51269533490006,867,521,142,215,602,222
938,-374.58198618249094,-320.9848830479506,753,961,916,686,607
939,47.1549431094217,246.3287222144519,225,519,650,685,655,816,691,470,185,858
940,-374.47720408312557,-374.8670370379651,961,614,746,686,753,274,20,219,607
941,198.27388251879208,-326.9327464207826,480,228,774,873,556,718,657,373,985
942,-175.4902103890882,-109.73151207144294,776,201,835,132,31
943,-153.01935017794776,-325.1408182061284,292,134,236,651,332,595,54,667,735
944,-101.12005054618479,268.70325155307586,147,168,298,264,51,184,700
945,-317.53911148641987,-491.04238025577973,894,223
946,-498.00226264598547,294.9378028350641,41,354,308,964,7
947,-405.4156271317758,446.57953912553063,642,516,550,166,646,496,210,276,886,216,825
948,-133.61225777132924,126.0067540714871,900,694,745,11,750,117,182,151,153,698,955,476,669
949,415.82732254733554,91.99949480671398,769,2,582,817,40,681,396,876,719,648,179,828
950,275.1329606061941,190.85932441965724,577,903,884,849,319
951,-337.04895541114155,473.83817373284256,978,195,772,453,523,397,210,789,542
952,-285.50098877668404,-315.34043096201236,128,871,756,569,605,830,959
953,-119.2172603193944,-393.5960062384226,609,834,710,598,667,927
954,89.28281075448008,215.2560112332581,225,520,141,253,85,470,473,185,858,157
955,-114.79897103660586,130.1822198423106,900,421,712,745,11,694,948,182,151,153,698,476
956,-227.64008388117884,175.83133519975658,497,887,254,6,665
957,-306.6214003575336,-76.89613197650569,613,360,43,398,720,604
958,224.63752611484034,15.508115260283173,355,131,406,14,639
959,-288.60033454328146,-344.94456650075335,128,871,972,144,952,569,605,830
960,-351.1616476422538,22.13697239925827,768,962,390,327,585,74,583,751,209,841,250,541,926
961,-347.9222030644762,-359.7711444124143,614,137,746,940,686,753,219,938,830,607
962,-328.44783132539743,56.11441725492816,704,960,390,583,72,74,363,209,115,630,727,217,458,979
963,454.48407917587997,168.01994310628132,129,67,364,302,399,632,19,758,280,591,509
964,-487.3963395884255,319.77792671598814,354,485,198,7,41,946,530,308,105
965,247.02197225402622,-434.2317776515275,68,870,780,850,467,634
966,-430.4683153251029,380.90817572707437,98,422,359,487,162,975,496,276,642,216,314,571,895
967,410.8192732363706,382.1835238798492,576,34,740,913,187,95
968,-22.46320335078544,-379.81167900868695,901,462,240,728,447,133
969,495.0271810715465,462.2552685284227,481,821,676,197,167
970,131.37459033646547,-496.8206547881663,432,699,94
971,-414.98778639283995,-153.95630010013173,229,552,404,341,633,248,212
972,-283.8778127444084,-373.53179522492405,137,687,144,605,830,959
973,358.55195289033225,-131.2396613814063,370,616,146,78,306,339,246,24,283,638
974,185.82404506358387,429.32435685463935,896,449,931,737,684,45,270,589,880,658,671
975,-404.79033663351885,355.0621516428397,98,966,422,359,487,162,784,216,25,571,990,895
976,-352.91152282218764,345.25400345210323,872,25,98,990,487
977,-347.16508299485884,283.3500906799948,872,677,371,277,575
978,-327.15611124632414,471.2001615114274,195,772,453,523,210,789,951,285
979,-286.4778194232567,49.85455724424304,704,513,962,72,458,115,630,727,217,380,810
980,-149.56217949784823,5.736750222719689,461,336,785,629,668,565
981,111.95682122627349,-77.11895432040072,865,898,643,486,8,529,914,438,156,286
982,344.9834476199335,214.17828120965376,130,69,366,885,150,122
983,300.80604664982036,451.96403778897485,987,679,840,917,919,91,637,405
984,238.7243787020561,136.49480111369016,928,293,903,878,884,726,568,374
985,241.49323443736915,-323.55979423061564,765,941
986,211.40999013680684,350.39546577882373,26,988,935
987,275.95471275785997,432.5134591189638,840,524,45,405,983,91,637
988,209.82393819250012,315.44386442036574,579,935,749,303,787,986
989,-85.43207290799715,-280.92786300422455,770,328,748,621,593,563,600
990,-357.44210769446437,341.7258323396011,98,487,872,975,976,25
991,-178.30788874021397,460.3647707853223,65,930,401,757,93,255
992,-187.76799442496838,-175.64930524707012,257,835,260,545,238,176
993,216.6750596940178,181.68225734384959,928,903,12,878,884,174,189
994,350.301516666276,-235.42658815954664,289,35,163,678,909,690,910,239,626,403,278,474,859
995,-71.25256635109633,-437.6300418747956,836,362,299,915,598,252
996,-446.23286590384845,-473.75497946805336,736,193,262,906,683,781,798,409,218,860,318
997,285.9840446914885,327.29066610087455,203,237,711,503
998,-37.317867412068104,-236.12264530689308,832,425,139,815,848,443,92
999,269.8162395463452,-168.1552080292268,352,783,16,113,790,61
